Date,Open,High,Low,Close,Adj Close,Volume,Name
2018-11-05,32.080002,32.630001,32.049999,32.41,31.271349,15800,COUCHE
2018-11-06,32.445,32.490002,32.25,32.465,31.324419,6600,COUCHE
2018-11-07,32.645,33.130001,32.465,33.130001,31.966059,7400,COUCHE
2018-11-08,32.945,33.125,32.945,33.125,31.961229,2000,COUCHE
2018-11-09,33.049999,33.400002,32.985001,33.400002,32.22657,5800,COUCHE
2018-11-12,33.200001,33.25,33.16,33.25,32.081841,2200,COUCHE
2018-11-13,33.095001,33.384998,33.025002,33.380001,32.207275,4400,COUCHE
2018-11-14,33.404999,33.650002,33.404999,33.549999,32.371304,6200,COUCHE
2018-11-15,33.285,33.285,32.689999,32.924999,31.768253,3200,COUCHE
2018-11-16,32.560001,33.125,32.560001,32.884998,31.729662,2200,COUCHE
2018-11-19,33,33,32.599998,32.650002,31.502922,1600,COUCHE
2018-11-20,32.474998,32.474998,32.16,32.185001,31.054255,11400,COUCHE
2018-11-21,32,32.654999,32,32.654999,31.507738,2200,COUCHE
2018-11-22,32.869999,33,32.634998,32.66,31.512568,2200,COUCHE
2018-11-23,32.384998,33.375,32.384998,32.924999,31.768253,3400,COUCHE
2018-11-26,33,33.25,32.924999,33.25,32.081841,11200,COUCHE
2018-11-27,33.490002,33.490002,32.724998,32.865002,31.710371,10400,COUCHE
2018-11-28,33.900002,34.529999,33.865002,34.525002,33.312046,23400,COUCHE
2018-11-29,34.57,35,34.549999,34.970001,33.741421,17000,COUCHE
2018-11-30,35.080002,35.125,34.674999,34.950001,33.722115,17200,COUCHE
2018-12-03,35.205002,35.400002,34.509998,34.77,33.548439,6200,COUCHE
2018-12-04,34.994999,35.25,34.445,34.52,33.307217,3000,COUCHE
2018-12-05,34.549999,34.654999,34.349998,34.445,33.283062,5200,COUCHE
2018-12-06,34.185001,34.525002,33.790001,34.470001,33.307224,5600,COUCHE
2018-12-07,34.240002,34.380001,33.415001,33.415001,32.287807,3400,COUCHE
2018-12-10,33.415001,33.584999,33.41,33.485001,32.35545,2200,COUCHE
2018-12-11,34.665001,34.75,34.349998,34.424999,33.263737,6400,COUCHE
2018-12-12,34.625,34.720001,33.994999,34,32.853081,2400,COUCHE
2018-12-13,34.099998,34.099998,33.974998,33.974998,32.828922,1000,COUCHE
2018-12-14,33.834999,33.834999,33.445,33.549999,32.418259,1400,COUCHE
2018-12-17,33.334999,33.380001,33.224998,33.224998,32.104225,3200,COUCHE
2018-12-18,33.294998,33.974998,33.294998,33.5,32.369946,3200,COUCHE
2018-12-19,33.494999,34.125,32.950001,33.025002,31.910967,5200,COUCHE
2018-12-20,32.965,33.075001,32.564999,32.82,31.712877,3800,COUCHE
2018-12-21,33.044998,33.27,32.700001,32.82,31.712877,3600,COUCHE
2018-12-24,32.73,32.970001,32.73,32.884998,31.775688,2800,COUCHE
2018-12-27,32.869999,33.849998,32.865002,33.849998,32.708138,1600,COUCHE
2018-12-28,34.09,34.099998,33.950001,33.965,32.819252,2200,COUCHE
2018-12-31,34.360001,34.360001,33.450001,33.974998,32.828922,3200,COUCHE
2019-01-02,33.380001,34,33.294998,34,32.853081,1800,COUCHE
2019-01-03,33.110001,33.955002,32.75,32.985001,31.872311,6400,COUCHE
2019-01-04,33.099998,33.924999,33.099998,33.709999,32.572861,2400,COUCHE
2019-01-07,33.845001,34.615002,33.669998,34.615002,33.44733,7200,COUCHE
2019-01-08,34.884998,35.235001,34.830002,35.235001,34.046417,5000,COUCHE
2019-01-09,35.220001,35.615002,35.07,35.400002,34.205853,3000,COUCHE
2019-01-10,35.290001,35.625,35.005001,35.314999,34.123718,3000,COUCHE
2019-01-11,35.185001,35.900002,35.185001,35.5,34.302479,5400,COUCHE
2019-01-14,35.5,35.970001,35.375,35.970001,34.756626,9000,COUCHE
2019-01-15,35.994999,36.115002,35.985001,35.985001,34.771111,3800,COUCHE
2019-01-16,35.985001,36,35.619999,35.814999,34.60685,2800,COUCHE
2019-01-17,35.709999,36.025002,35.705002,35.900002,34.688988,1400,COUCHE
2019-01-18,35.924999,36.150002,35.759998,35.915001,34.70348,3400,COUCHE
2019-01-21,35.720001,35.974998,35.509998,35.759998,34.553699,3000,COUCHE
2019-01-22,35.615002,35.875,35.5,35.5,34.302479,2400,COUCHE
2019-01-23,35.619999,35.724998,35.580002,35.724998,34.519886,1800,COUCHE
2019-01-24,35.705002,35.849998,35.424999,35.645,34.442589,1600,COUCHE
2019-01-25,36.494999,36.494999,35.09,35.150002,33.964279,6600,COUCHE
2019-01-28,35.064999,35.474998,35.064999,35.27,34.080231,3400,COUCHE
2019-01-29,35.450001,35.720001,35,35.66,34.457077,5800,COUCHE
2019-01-30,35.599998,35.599998,35.224998,35.450001,34.254166,2800,COUCHE
2019-01-31,35.66,35.66,35.66,35.66,34.457077,800,COUCHE
2019-02-01,35.775002,35.950001,35.665001,35.665001,34.46191,1600,COUCHE
2019-02-04,35.669998,36.145,35.669998,36.049999,34.833923,2800,COUCHE
2019-02-05,36.244999,36.75,36.244999,36.650002,35.413677,1400,COUCHE
2019-02-06,36.34,36.650002,36.34,36.650002,35.413677,1600,COUCHE
2019-02-07,36.68,37,36.639999,37,35.751884,1800,COUCHE
2019-02-08,37.099998,37.099998,36.75,36.985001,35.737389,2800,COUCHE
2019-02-11,37.029999,37.075001,36.720001,36.720001,35.481331,3600,COUCHE
2019-02-12,36.599998,36.779999,36.185001,36.755001,35.515144,5800,COUCHE
2019-02-13,36.799999,36.799999,36.650002,36.75,35.510315,4400,COUCHE
2019-02-14,37.375,37.375,36.650002,36.900002,35.655251,5400,COUCHE
2019-02-15,36.869999,37.185001,36.869999,37.185001,35.930641,1800,COUCHE
2019-02-19,36.544998,36.720001,36.535,36.650002,35.413677,3800,COUCHE
2019-02-20,37.439999,37.439999,36.509998,36.634998,35.399189,1600,COUCHE
2019-02-21,36.625,36.625,36.365002,36.365002,35.138298,1600,COUCHE
2019-02-22,36.895,36.895,36.540001,36.775002,35.534462,5800,COUCHE
2019-02-25,36.650002,36.950001,36.255001,36.625,35.389526,5400,COUCHE
2019-02-26,36.849998,37.985001,36.849998,37.625,36.355793,8200,COUCHE
2019-02-27,37.59,37.674999,37.490002,37.674999,36.404106,1600,COUCHE
2019-02-28,37.865002,37.865002,37.139999,37.200001,35.945133,3400,COUCHE
2019-03-01,37.5,38.75,37.5,38.224998,36.935551,5800,COUCHE
2019-03-04,38.25,38.25,37.965,38.049999,36.766457,3400,COUCHE
2019-03-05,38.075001,38.174999,37.895,38.174999,36.887238,3800,COUCHE
2019-03-06,38.174999,38.290001,38.174999,38.290001,36.998363,2200,COUCHE
2019-03-07,38.049999,38.150002,37.77,38.099998,36.81477,3400,COUCHE
2019-03-08,38.494999,38.494999,37.549999,37.615002,36.346134,3200,COUCHE
2019-03-11,37.68,37.904999,37.59,37.59,36.321972,2200,COUCHE
2019-03-12,37.5,37.75,37.439999,37.57,36.30265,1400,COUCHE
2019-03-13,37.450001,37.490002,37.400002,37.400002,36.138386,1000,COUCHE
2019-03-14,37.57,37.57,37.384998,37.384998,36.12389,400,COUCHE
2019-03-15,37.490002,37.5,36.924999,37.049999,35.800186,7600,COUCHE
2019-03-18,37.205002,37.209999,37.005001,37.134998,35.882324,4000,COUCHE
2019-03-19,37.055,37.055,36.299999,36.299999,35.075493,4600,COUCHE
2019-03-20,35.605,36.25,35.599998,36.185001,34.964371,13600,COUCHE
2019-03-21,36.035,36.224998,35.43,35.919998,34.708302,5000,COUCHE
2019-03-22,36.150002,36.474998,36.125,36.474998,35.244587,1600,COUCHE
2019-03-25,36.5,37.709999,36.419998,37.665001,36.394447,27200,COUCHE
2019-03-26,37.654999,37.759998,37.525002,37.73,36.457253,4400,COUCHE
2019-03-27,37.75,38.764999,37.73,38.764999,37.519493,25200,COUCHE
2019-03-28,38.685001,39.275002,38.685001,39.275002,38.013107,5600,COUCHE
2019-03-29,39.535,39.535,39.099998,39.48,38.211514,3000,COUCHE
2019-04-01,39.5,39.5,39.18,39.325001,38.061489,4000,COUCHE
2019-04-02,39.130001,39.945,39.099998,39.945,38.661572,8600,COUCHE
2019-04-03,39.755001,39.755001,39.535,39.645,38.371216,3200,COUCHE
2019-04-04,39.630001,40.150002,39.625,40.150002,38.859997,11000,COUCHE
2019-04-05,40.360001,40.365002,39.93,40.279999,38.985809,2200,COUCHE
2019-04-08,39.904999,40.165001,39.900002,40.165001,38.874516,2800,COUCHE
2019-04-09,40.325001,40.5,40.25,40.365002,39.068085,1400,COUCHE
2019-04-10,40.325001,40.560001,40.325001,40.560001,39.256821,2200,COUCHE
2019-04-11,40.779999,40.884998,40.255001,40.474998,39.174549,9600,COUCHE
2019-04-12,40.77,41.044998,40.360001,41.044998,39.726234,8200,COUCHE
2019-04-15,40.875,41,40.599998,40.764999,39.455231,18400,COUCHE
2019-04-16,41.185001,41.185001,40.494999,40.549999,39.247139,7800,COUCHE
2019-04-17,40.5,40.5,39.264999,39.48,38.211514,12600,COUCHE
2019-04-18,39.584999,39.639999,39.5,39.639999,38.366375,5800,COUCHE
2019-04-22,39.5,39.799999,39.5,39.66,38.385742,3000,COUCHE
2019-04-23,39.650002,40,39.5,39.630001,38.356705,3200,COUCHE
2019-04-24,39.540001,39.540001,39.314999,39.52,38.250233,4400,COUCHE
2019-04-25,39.345001,39.52,39.345001,39.52,38.250233,2000,COUCHE
2019-04-26,39.52,39.610001,39.490002,39.595001,38.322826,2000,COUCHE
2019-04-29,39.540001,39.584999,39.005001,39.584999,38.313145,3600,COUCHE
2019-04-30,39.459999,39.599998,39.314999,39.599998,38.327663,7000,COUCHE
2019-05-01,39.549999,39.564999,39.474998,39.564999,38.293781,1200,COUCHE
2019-05-02,39.514999,39.639999,39.514999,39.639999,38.366375,2800,COUCHE
2019-05-03,39.59,39.700001,39.485001,39.525002,38.255077,2200,COUCHE
2019-05-06,39.294998,39.674999,39.294998,39.605,38.3325,1400,COUCHE
2019-05-07,39.605,39.75,39.580002,39.75,38.472847,2000,COUCHE
2019-05-08,39.720001,39.955002,39.619999,39.955002,38.671249,3800,COUCHE
2019-05-09,39.785,40.705002,39.785,40.650002,39.343925,8000,COUCHE
2019-05-10,40.125,40.724998,40.125,40.424999,39.126144,5800,COUCHE
2019-05-13,39.959999,40.575001,39.959999,40.575001,39.271339,13600,COUCHE
2019-05-14,39.625,40.91,39.625,40.91,39.595573,8400,COUCHE
2019-05-15,41.055,41.845001,41.055,41.814999,40.471493,7800,COUCHE
2019-05-16,41.814999,41.919998,41.375,41.919998,40.57312,3000,COUCHE
2019-05-17,42,42.334999,42,42.299999,40.940914,13600,COUCHE
2019-05-21,41.790001,42.029999,41.775002,41.974998,40.626354,3600,COUCHE
2019-05-22,41.974998,42.599998,41.974998,42.599998,41.23127,2000,COUCHE
2019-05-23,42.619999,42.785,42.615002,42.785,41.410328,1000,COUCHE
2019-05-24,42.564999,42.564999,42.18,42.384998,41.023178,3000,COUCHE
2019-05-27,42.255001,42.665001,42.255001,42.665001,41.294182,1800,COUCHE
2019-05-28,42.759998,42.974998,42.759998,42.974998,41.594219,600,COUCHE
2019-05-29,43.490002,43.490002,41.535,41.625,40.287594,2600,COUCHE
2019-05-30,41.5,42.025002,41.5,41.830002,40.486012,5200,COUCHE
2019-05-31,41.884998,41.884998,41.314999,41.535,40.200485,4400,COUCHE
2019-06-03,40.93,41.93,40.93,41.77,40.427933,3000,COUCHE
2019-06-04,41.505001,42.075001,41.505001,42.075001,40.723148,3200,COUCHE
2019-06-05,42.625,43.134998,42.59,42.59,41.221588,5600,COUCHE
2019-06-06,43.200001,43.299999,42.599998,42.599998,41.23127,10600,COUCHE
2019-06-07,43.490002,43.494999,42.724998,42.785,41.410328,3000,COUCHE
2019-06-10,43.165001,43.404999,43.165001,43.349998,41.957176,49800,COUCHE
2019-06-11,43.5,43.75,43.25,43.299999,41.908779,8600,COUCHE
2019-06-12,43.060001,43.709999,43.060001,43.650002,42.247543,2400,COUCHE
2019-06-13,44.125,44.125,42.779999,43.009998,41.628094,4200,COUCHE
2019-06-14,43.154999,43.154999,43.014999,43.014999,41.632938,3600,COUCHE
2019-06-17,43.25,43.814999,43.240002,43.814999,42.407234,3200,COUCHE
2019-06-18,43.369999,44.055,43.369999,44.055,42.639523,4800,COUCHE
2019-06-19,44.349998,44.349998,43.860001,43.924999,42.513699,1600,COUCHE
2019-06-20,43.474998,43.5,42.419998,42.695,41.323215,7600,COUCHE
2019-06-21,42.555,42.555,41.349998,41.349998,40.021431,5600,COUCHE
2019-06-24,41.355,42,41.294998,41.939999,40.592476,5000,COUCHE
2019-06-25,41.575001,41.575001,41.575001,41.575001,40.239204,800,COUCHE
2019-06-26,41.98,41.98,40.994999,40.994999,39.677837,5800,COUCHE
2019-06-27,41,41.75,41,41.75,40.408585,3800,COUCHE
2019-06-28,41.130001,41.349998,40.549999,41.244999,39.919807,9400,COUCHE
2019-07-02,41.305,41.459999,40.740002,41.419998,40.089188,8000,COUCHE
2019-07-03,41.994999,42.75,41.994999,42.650002,41.279671,9000,COUCHE
2019-07-04,42.5,42.5,42.169998,42.279999,40.921551,3200,COUCHE
2019-07-05,42.169998,42.18,41.57,41.799999,40.456966,4000,COUCHE
2019-07-08,41.775002,41.775002,41.400002,41.674999,40.335991,5200,COUCHE
2019-07-09,42,42.369999,41.84,42.025002,40.674744,3800,COUCHE
2019-07-10,41.860001,42.98,41.005001,42.895,41.516796,9200,COUCHE
2019-07-11,42.98,42.98,42.105,42.419998,41.057053,4200,COUCHE
2019-07-12,42.494999,42.525002,41.965,41.965,40.616676,2200,COUCHE
2019-07-15,41.505001,41.505001,41.205002,41.450001,40.118225,2600,COUCHE
2019-07-16,41.005001,41.549999,40.75,41.549999,40.215004,9600,COUCHE
2019-07-17,41.509998,41.509998,40.810001,40.810001,39.558285,3000,COUCHE
2019-07-18,40.514999,40.514999,39.735001,39.849998,38.627731,28200,COUCHE
2019-07-19,39.919998,40,39.584999,39.825001,38.603512,5000,COUCHE
2019-07-22,39.790001,39.880001,39.685001,39.810001,38.588959,7600,COUCHE
2019-07-23,40.244999,40.575001,40.244999,40.52,39.277191,3200,COUCHE
2019-07-24,41.389999,41.389999,40.02,41.025002,39.766689,7200,COUCHE
2019-07-25,41.040001,41.040001,40.77,40.875,39.621296,5000,COUCHE
2019-07-26,41,41.674999,41,41.674999,40.396755,3600,COUCHE
2019-07-29,41.764999,41.764999,41.275002,41.325001,40.057495,3400,COUCHE
2019-07-30,41.285,41.285,40.915001,41.154999,39.892708,2800,COUCHE
2019-07-31,41.025002,41.025002,40.240002,40.575001,39.330494,15400,COUCHE
2019-08-01,40.465,41.035,40.465,40.549999,39.306267,15200,COUCHE
2019-08-02,40.459999,40.540001,40.459999,40.540001,39.296574,2000,COUCHE
2019-08-06,40.014999,40.650002,40.014999,40.650002,39.403194,4200,COUCHE
2019-08-07,40.580002,41.125,40.549999,41.125,39.863628,3000,COUCHE
2019-08-08,41.314999,41.73,41.154999,41.450001,40.178658,4800,COUCHE
2019-08-09,41.365002,41.490002,40.950001,41.400002,40.130196,3800,COUCHE
2019-08-12,41.400002,41.794998,41.060001,41.23,39.965405,2200,COUCHE
2019-08-13,41.189999,41.619999,41.189999,41.619999,40.343441,2600,COUCHE
2019-08-14,41.224998,41.224998,40.825001,40.959999,39.703693,2600,COUCHE
2019-08-15,40.990002,41.334999,40.990002,41.224998,39.960556,3400,COUCHE
2019-08-16,41.505001,41.695,41.32,41.695,40.416142,4000,COUCHE
2019-08-19,41.794998,41.830002,41.560001,41.685001,40.406448,4800,COUCHE
2019-08-20,41.029999,41.060001,40.75,40.84,39.587368,4600,COUCHE
2019-08-21,41.525002,41.525002,40.355,40.669998,39.422577,1600,COUCHE
2019-08-22,40.634998,40.634998,40,40.189999,38.957298,4000,COUCHE
2019-08-23,40.334999,40.334999,39.619999,39.715,38.496872,5600,COUCHE
2019-08-26,39.935001,40.084999,39.935001,40.075001,38.845829,1600,COUCHE
2019-08-27,40.5,41.035,40.494999,41.035,39.776382,2600,COUCHE
2019-08-28,40.845001,41.040001,40.845001,41.040001,39.781227,1400,COUCHE
2019-08-29,41.25,41.68,41.25,41.650002,40.37252,6200,COUCHE
2019-08-30,41.549999,42.139999,41.375,42.025002,40.736019,7800,COUCHE
2019-09-03,41.5,41.68,40.625,40.950001,39.693996,12600,COUCHE
2019-09-04,40.950001,41.639999,40.950001,41.334999,40.067184,2200,COUCHE
2019-09-05,42.494999,42.494999,41.075001,41.849998,40.566391,11400,COUCHE
2019-09-06,41.945,42.77,41.75,42.724998,41.414551,12400,COUCHE
2019-09-09,43.005001,43.470001,42.724998,43.400002,42.068848,14000,COUCHE
2019-09-10,43.505001,43.505001,42.93,43.375,42.044617,4600,COUCHE
2019-09-11,43.060001,43.310001,42.799999,43.125,41.80228,5400,COUCHE
2019-09-12,43.900002,43.900002,42.040001,42.25,41.013557,8800,COUCHE
2019-09-13,42.150002,42.389999,41.669998,41.715,40.494217,6400,COUCHE
2019-09-16,41.700001,41.700001,40.064999,40.064999,38.892509,14200,COUCHE
2019-09-17,40.52,40.880001,40.404999,40.625,39.436123,16400,COUCHE
2019-09-18,40.380001,40.740002,40.380001,40.645,39.455532,10400,COUCHE
2019-09-19,40.855,41.740002,40.855,41.599998,40.382584,14200,COUCHE
2019-09-20,41.744999,42.09,41.125,41.424999,40.2127,4400,COUCHE
2019-09-23,41.509998,41.59,41.349998,41.560001,40.343758,1800,COUCHE
2019-09-24,41.599998,42.27,41.450001,41.450001,40.236977,10200,COUCHE
2019-09-25,41.400002,41.400002,40.985001,41.025002,39.824406,5800,COUCHE
2019-09-26,41.275002,41.395,40.875,41.049999,39.848679,4000,COUCHE
2019-09-27,41.544998,41.544998,40.215,40.5,39.314777,7200,COUCHE
2019-09-30,41,41.200001,40.75,40.75,39.557465,14100,COUCHE
2019-10-01,41.16,41.189999,40.310001,40.450001,39.266239,10100,COUCHE
2019-10-02,40.43,40.48,40.290001,40.41,39.227406,3400,COUCHE
2019-10-03,40.860001,41.349998,40.849998,41.240002,40.033119,4300,COUCHE
2019-10-04,41.540001,41.540001,40.650002,40.799999,39.605999,8300,COUCHE
2019-10-07,40.759998,40.759998,40.290001,40.57,39.382721,4400,COUCHE
2019-10-08,40.75,40.75,40,40.25,39.07209,5100,COUCHE
2019-10-09,40,41.099998,40,41.099998,39.897209,3900,COUCHE
2019-10-10,41.240002,41.240002,40,40.240002,39.062386,3200,COUCHE
2019-10-11,39.240002,40.279999,39.240002,39.599998,38.441113,4800,COUCHE
2019-10-15,40.009998,40.049999,39.57,39.709999,38.54789,7500,COUCHE
2019-10-16,39.759998,40.09,39.450001,39.77,38.60614,2800,COUCHE
2019-10-17,40,40,39.200001,39.400002,38.246964,3300,COUCHE
2019-10-18,39.580002,39.580002,38.93,39.23,38.081944,4300,COUCHE
2019-10-21,39.110001,39.43,39.049999,39.43,38.276089,2500,COUCHE
2019-10-22,39.43,39.599998,39.099998,39.34,38.188717,2000,COUCHE
2019-10-23,39.189999,39.75,39.189999,39.75,38.586731,2300,COUCHE
2019-10-24,39.209999,39.419998,39.119999,39.27,38.120773,3400,COUCHE
2019-10-25,39.27,40,39.27,40,38.829407,4400,COUCHE
2019-10-28,39.450001,40.080002,39.349998,39.349998,38.198429,4500,COUCHE
2019-10-29,39.5,39.619999,39.029999,39.400002,38.246964,8500,COUCHE
2019-10-30,39.439999,39.470001,39.150002,39.450001,38.295513,2300,COUCHE
2019-10-31,39.5,39.790001,39.200001,39.66,38.499359,3700,COUCHE
2019-11-01,39.630001,40.099998,39.630001,39.77,38.60614,2300,COUCHE
2019-11-04,40.119999,40.119999,39.080002,39.220001,38.072235,7700,COUCHE
2019-11-05,39.25,39.419998,38.540001,39.419998,38.266376,7000,COUCHE
2019-11-06,39.419998,40.490002,39.419998,40.490002,39.305069,4200,COUCHE
2019-11-07,40.669998,40.860001,40.200001,40.259998,39.081799,5500,COUCHE
2019-11-08,40.830002,40.830002,39.830002,40.099998,38.926479,2700,COUCHE
2019-11-11,39.52,40.34,39.52,40.34,39.159451,3500,COUCHE
2019-11-12,40.490002,40.52,40.360001,40.380001,39.198288,2300,COUCHE
2019-11-13,40.380001,40.939999,40.380001,40.599998,39.41185,2900,COUCHE
2019-11-14,40.990002,40.990002,40.310001,40.900002,39.703075,6000,COUCHE
2019-11-15,41,41.459999,40.919998,41.459999,40.246677,4500,COUCHE
2019-11-18,41.299999,41.950001,41.299999,41.950001,40.72234,6600,COUCHE
2019-11-19,41.75,42.150002,41.75,42.150002,40.916481,5000,COUCHE
2019-11-20,42.18,42.18,41.799999,41.799999,40.576725,4300,COUCHE
2019-11-21,41.110001,41.75,41.110001,41.740002,40.51849,4100,COUCHE
2019-11-22,41.5,41.599998,41.299999,41.529999,40.314629,2100,COUCHE
2019-11-25,41.029999,43.209999,41.029999,43.099998,41.838676,12100,COUCHE
2019-11-26,43.77,43.77,42.990002,43.509998,42.236691,11200,COUCHE
2019-11-27,43.990002,44.59,43.099998,44.59,43.285084,12600,COUCHE
2019-11-28,44.59,44.59,43.799999,43.91,42.624981,9600,COUCHE
2019-11-29,44,44,43.549999,43.669998,42.392002,3900,COUCHE
2019-12-02,43.5,43.939999,43.5,43.619999,42.343468,10800,COUCHE
2019-12-03,43.5,43.75,42.849998,43.700001,42.421124,6000,COUCHE
2019-12-04,43.560001,43.560001,42.540001,42.869999,41.675499,4900,COUCHE
2019-12-05,43.099998,43.290001,42.490002,43.080002,41.879646,4900,COUCHE
2019-12-06,43.59,43.990002,43.48,43.91,42.686516,5000,COUCHE
2019-12-09,43.82,43.84,43.23,43.299999,42.093517,4500,COUCHE
2019-12-10,43.299999,43.720001,43.299999,43.509998,42.297668,1400,COUCHE
2019-12-11,43.720001,43.720001,42.91,43.299999,42.093517,3200,COUCHE
2019-12-12,43.450001,43.669998,43.110001,43.349998,42.142128,3100,COUCHE
2019-12-13,43.02,43.130001,42.68,43.049999,41.850483,3900,COUCHE
2019-12-16,42.790001,42.799999,42.360001,42.759998,41.568562,2900,COUCHE
2019-12-17,43.470001,43.48,42.450001,43.130001,41.928253,3700,COUCHE
2019-12-18,43.130001,43.130001,42.130001,42.27,41.09222,4000,COUCHE
2019-12-19,42.189999,42.459999,41.900002,42.25,41.072773,4500,COUCHE
2019-12-20,42.150002,42.549999,41.490002,41.490002,40.333958,17500,COUCHE
2019-12-23,42.099998,42.389999,42.099998,42.200001,41.02417,3700,COUCHE
2019-12-24,42.209999,42.419998,42.119999,42.419998,41.238037,2000,COUCHE
2019-12-27,42.450001,42.450001,41.970001,42.220001,41.043606,3500,COUCHE
2019-12-30,42.299999,42.299999,41.5,41.619999,40.460323,3500,COUCHE
2019-12-31,41.43,41.450001,40.75,41.380001,40.22702,6900,COUCHE
2020-01-02,41.380001,42.189999,41.380001,42.189999,41.014442,3700,COUCHE
2020-01-03,41.849998,41.869999,41.369999,41.869999,40.703362,4000,COUCHE
2020-01-06,41.200001,42.240002,41.200001,42.150002,40.975555,3600,COUCHE
2020-01-07,42.689999,42.84,42.580002,42.810001,41.617168,4900,COUCHE
2020-01-08,42.869999,43.599998,42.75,43.400002,42.190731,8600,COUCHE
2020-01-09,43.310001,44.259998,43.310001,44.080002,42.851791,7300,COUCHE
2020-01-10,44.009998,44.669998,43.299999,43.400002,42.190731,4100,COUCHE
2020-01-13,43.5,43.5,43.009998,43.25,42.044907,3700,COUCHE
2020-01-14,42.73,43.990002,42.73,43.990002,42.764294,9400,COUCHE
2020-01-15,43.860001,44.119999,43.200001,44.119999,42.890667,5200,COUCHE
2020-01-16,44.16,44.439999,44.040001,44.439999,43.201748,3600,COUCHE
2020-01-17,44.639999,44.66,44.459999,44.599998,43.357292,5400,COUCHE
2020-01-20,44.599998,44.970001,44.43,44.970001,43.716991,8300,COUCHE
2020-01-21,44.709999,44.830002,44.380001,44.830002,43.580887,5700,COUCHE
2020-01-22,44.799999,45,44.450001,44.599998,43.357292,5100,COUCHE
2020-01-23,44.990002,45.07,44.509998,44.73,43.483665,6500,COUCHE
2020-01-24,44.73,44.73,44.009998,44.150002,42.919838,2900,COUCHE
2020-01-27,43.779999,45.209999,43.650002,45.209999,43.950294,7600,COUCHE
2020-01-28,45.25,45.25,44.630001,44.900002,43.648937,4300,COUCHE
2020-01-29,44.849998,45.040001,44.310001,44.66,43.415627,3600,COUCHE
2020-01-30,43.599998,44.669998,43.599998,44.419998,43.182308,6300,COUCHE
2020-01-31,44.450001,44.450001,43.950001,44.389999,43.153149,4300,COUCHE
2020-02-03,44.400002,44.84,44.18,44.529999,43.289242,4600,COUCHE
2020-02-04,44.98,45.669998,44.669998,45.419998,44.154442,6200,COUCHE
2020-02-05,45.5,45.5,44.900002,44.950001,43.697544,4800,COUCHE
2020-02-06,45.73,46.25,45.639999,46.150002,44.864113,4500,COUCHE
2020-02-07,45.66,45.830002,45.400002,45.790001,44.514133,3200,COUCHE
2020-02-10,45.599998,46.25,45.599998,46.110001,44.825222,2200,COUCHE
2020-02-11,46.040001,46.040001,44.82,44.82,43.571167,9000,COUCHE
2020-02-12,45.59,45.59,43.990002,44.400002,43.162861,8200,COUCHE
2020-02-13,44.560001,44.560001,43.75,44.02,42.793453,9700,COUCHE
2020-02-14,44.110001,44.450001,44,44.23,42.997612,5400,COUCHE
2020-02-18,44.23,44.299999,43.900002,44.16,42.929554,6900,COUCHE
2020-02-19,44.110001,44.290001,44,44.290001,43.055931,4000,COUCHE
2020-02-20,44,44.400002,43.790001,44.369999,43.133698,3600,COUCHE
2020-02-21,44.169998,44.290001,44.09,44.189999,42.958721,2500,COUCHE
2020-02-24,43.5,44,43.200001,43.869999,42.647636,24800,COUCHE
2020-02-25,42.169998,44.290001,42.169998,43.040001,41.840759,14600,COUCHE
2020-02-26,42.75,43.349998,42.580002,42.650002,41.461632,16000,COUCHE
2020-02-27,40.110001,42.700001,40.099998,42.299999,41.12138,17500,COUCHE
2020-02-28,40.009998,41.360001,39.779999,40.900002,39.760395,14700,COUCHE
2020-03-02,40.02,41.619999,40.02,41.43,40.27562,12400,COUCHE
2020-03-03,42.200001,42.240002,41.599998,41.98,40.810291,12300,COUCHE
2020-03-04,43.560001,43.560001,42.220001,42.919998,41.724106,9800,COUCHE
2020-03-05,42.16,43.919998,42.16,43.689999,42.472652,12500,COUCHE
2020-03-06,43.02,43.02,41.790001,42.07,40.897785,6400,COUCHE
2020-03-09,39.009998,41.299999,39.009998,39.75,38.642437,17000,COUCHE
2020-03-10,40.5,41.66,40.5,41.599998,40.440887,10200,COUCHE
2020-03-11,44.310001,44.310001,39.5,40.07,38.953514,13700,COUCHE
2020-03-12,34.009998,37.509998,33.43,35.09,34.112282,26600,COUCHE
2020-03-13,37.880001,38.599998,35.700001,38.599998,37.524475,59200,COUCHE
2020-03-16,36.990002,36.990002,33,33.200001,32.27494,28300,COUCHE
2020-03-17,33.099998,35.099998,33.099998,33.259998,32.33326,18800,COUCHE
2020-03-18,33,35.310001,31.860001,33.889999,32.945709,25500,COUCHE
2020-03-19,33.560001,36.990002,33.560001,34.189999,33.237347,14100,COUCHE
2020-03-20,35,35.599998,33.299999,33.939999,32.994316,25300,COUCHE
2020-03-23,33,34.029999,30.57,31.1,30.23345,21600,COUCHE
2020-03-24,32.360001,34.400002,32.360001,34.360001,33.402618,16300,COUCHE
2020-03-25,34.360001,35.700001,33.66,33.66,32.788925,19200,COUCHE
2020-03-26,33.990002,34.939999,33.990002,34.540001,33.646145,18000,COUCHE
2020-03-27,34,34,31.77,32.740002,31.892727,22200,COUCHE
2020-03-30,33.209999,33.220001,32.040001,32.98,32.126518,18000,COUCHE
2020-03-31,33.73,34.369999,32.82,33.490002,32.623318,16300,COUCHE
2020-04-01,33,33,31.6,32.150002,31.317995,17000,COUCHE
2020-04-02,33.110001,34.27,31.809999,34.040001,33.159084,13600,COUCHE
2020-04-03,33.52,34.049999,32.66,33,32.146,9600,COUCHE
2020-04-06,34.099998,34.900002,33.32,34.889999,33.987087,22200,COUCHE
2020-04-07,35.650002,37.389999,35.25,36.700001,35.750244,34700,COUCHE
2020-04-08,37.07,37.07,35.630001,36.290001,35.350861,17000,COUCHE
2020-04-09,37,37.25,35.400002,35.650002,34.727421,40400,COUCHE
2020-04-13,36.66,36.66,35.25,36.490002,35.545685,15700,COUCHE
2020-04-14,36.5,37.139999,36.009998,37.09,36.13015,17600,COUCHE
2020-04-15,36.790001,38.48,36.41,38.259998,37.269871,15600,COUCHE
2020-04-16,38.259998,39,37.990002,38.689999,37.688747,12400,COUCHE
2020-04-17,39.610001,40.610001,38.810001,40.549999,39.500614,16900,COUCHE
2020-04-20,40.299999,41.25,40.200001,40.5,39.451908,15800,COUCHE
2020-04-21,39.27,40.57,39.27,39.509998,38.48753,28600,COUCHE
2020-04-22,39.360001,41.080002,39.360001,41.080002,40.016899,9300,COUCHE
2020-04-23,40.990002,41.049999,39.59,39.669998,38.643387,11100,COUCHE
2020-04-24,39.549999,40.709999,39.549999,40.709999,39.656467,4200,COUCHE
2020-04-27,41.98,41.98,40.25,40.549999,39.500614,8200,COUCHE
2020-04-28,41.02,41.02,40.16,40.369999,39.325272,7200,COUCHE
2020-04-29,40.990002,40.990002,39.91,39.93,38.896664,9200,COUCHE
2020-04-30,40.040001,40.040001,38.5,39.349998,38.331665,10100,COUCHE
2020-05-01,38.27,41.48,38.27,40.5,39.451908,139500,COUCHE
2020-05-04,39.509998,40.990002,39.5,39.900002,38.867443,39400,COUCHE
2020-05-05,39.75,40,39.349998,40,38.96484,23100,COUCHE
2020-05-06,40.02,40.259998,39.610001,39.82,38.789501,3200,COUCHE
2020-05-07,39.860001,40.450001,39.860001,40.32,39.276573,9200,COUCHE
2020-05-08,40.389999,41.060001,40.290001,40.73,39.675957,10900,COUCHE
2020-05-11,40.73,41.720001,40.59,41.689999,40.611111,10300,COUCHE
2020-05-12,41.689999,41.689999,40.860001,41.009998,39.948704,5300,COUCHE
2020-05-13,41,41.029999,40.189999,40.630001,39.578537,7500,COUCHE
2020-05-14,39.990002,40.599998,39.490002,40.599998,39.54932,9600,COUCHE
2020-05-15,40.619999,41,40.330002,40.5,39.451908,12500,COUCHE
2020-05-19,40.52,41.549999,39.419998,41.549999,40.474731,7100,COUCHE
2020-05-20,41.509998,42.169998,41.400002,42.16,41.068947,7100,COUCHE
2020-05-21,42,42,41.18,41.720001,40.640339,7700,COUCHE
2020-05-22,41.700001,42.919998,41.52,42.310001,41.215069,9600,COUCHE
2020-05-25,42.830002,42.91,42.349998,42.48,41.380669,2500,COUCHE
2020-05-26,42.419998,42.82,42.400002,42.43,41.331959,4700,COUCHE
2020-05-27,42.5,42.5,41.599998,42.389999,41.292995,9100,COUCHE
2020-05-28,42.389999,43.200001,42.200001,43.200001,42.082035,12100,COUCHE
2020-05-29,43.150002,43.490002,42.5,43.220001,42.101521,5200,COUCHE
2020-06-01,43.549999,43.889999,42.279999,42.330002,41.234562,3000,COUCHE
2020-06-02,43.09,43.139999,41.740002,43.139999,42.023594,8100,COUCHE
2020-06-03,43.369999,44.889999,43.369999,44.330002,43.182793,7700,COUCHE
2020-06-04,43.599998,44.5,42.849998,42.849998,41.741085,6600,COUCHE
2020-06-05,43.619999,43.849998,42.880001,43.43,42.30608,6300,COUCHE
2020-06-08,43.5,43.5,41.689999,41.720001,40.640339,24400,COUCHE
2020-06-09,41.5,41.779999,41,41.779999,40.698784,6000,COUCHE
2020-06-10,41.970001,43.75,41.75,43.400002,42.276852,15000,COUCHE
2020-06-11,41.82,43.400002,41.82,42.700001,41.594978,9800,COUCHE
2020-06-12,42.869999,43.52,41.599998,41.810001,40.728012,11100,COUCHE
2020-06-15,41.27,42,41.150002,41.919998,40.835159,8200,COUCHE
2020-06-16,42.799999,42.990002,42.5,42.639999,41.536526,4100,COUCHE
2020-06-17,42.75,43,42.5,42.98,41.867729,9400,COUCHE
2020-06-18,42.98,43.279999,42.299999,43,41.887215,4400,COUCHE
2020-06-19,43.540001,44.700001,43.529999,43.759998,42.627541,12600,COUCHE
2020-06-22,43.5,43.5,42.73,42.860001,41.750828,11700,COUCHE
2020-06-23,43.169998,43.169998,41.720001,42.040001,40.952049,8600,COUCHE
2020-06-24,41.630001,42.880001,41.630001,42.860001,41.750828,3500,COUCHE
2020-06-25,42.389999,43.330002,41.91,43.200001,42.082035,6300,COUCHE
2020-06-26,43.169998,43.169998,42.25,42.5,41.400154,6300,COUCHE
2020-06-29,42.169998,43.299999,42.150002,42.459999,41.361179,6900,COUCHE
2020-06-30,43.77,44.27,42.580002,42.900002,41.789799,7700,COUCHE
2020-07-02,43.5,44.130001,42.98,43.209999,42.091778,14100,COUCHE
2020-07-03,43.209999,43.639999,43.209999,43.580002,42.452194,2600,COUCHE
2020-07-06,44.490002,44.490002,43.259998,43.77,42.637287,11600,COUCHE
2020-07-07,43.549999,43.880001,43.450001,43.57,42.442455,36200,COUCHE
2020-07-08,44.040001,44.049999,43.279999,44.049999,42.979084,5400,COUCHE
2020-07-09,44.049999,45.849998,44.049999,45.330002,44.227974,11700,COUCHE
2020-07-10,45.740002,45.900002,44.759998,45.849998,44.735321,6700,COUCHE
2020-07-13,45.889999,46.25,45.150002,45.150002,44.052341,6200,COUCHE
2020-07-14,46.02,46.150002,45.459999,46,44.88168,6100,COUCHE
2020-07-15,46.299999,46.549999,45.580002,45.939999,44.823139,4500,COUCHE
2020-07-16,45.240002,45.889999,45.02,45.450001,44.345051,4100,COUCHE
2020-07-17,45.869999,46.75,45.709999,46.490002,45.359768,21600,COUCHE
2020-07-20,46.529999,46.77,46.27,46.57,45.437824,6800,COUCHE
2020-07-21,46.349998,46.400002,45.650002,45.650002,44.540188,5700,COUCHE
2020-07-22,46.84,46.84,45.290001,45.990002,44.871929,4300,COUCHE
2020-07-23,46.240002,46.259998,45.709999,46.060001,44.940228,3700,COUCHE
2020-07-24,46.060001,46.119999,45.709999,46.02,44.901199,3000,COUCHE
2020-07-27,46.080002,46.560001,45.990002,46.369999,45.24268,3500,COUCHE
2020-07-28,46.139999,46.700001,46.139999,46.5,45.369522,4900,COUCHE
2020-07-29,46.509998,47.259998,46.419998,47.049999,45.906155,3400,COUCHE
2020-07-30,46.68,47.57,46.349998,47.470001,46.315941,5900,COUCHE
2020-07-31,47.040001,47.040001,45.799999,46.580002,45.447578,6800,COUCHE
2020-08-04,46.599998,46.599998,45.139999,46.48,45.350014,9900,COUCHE
2020-08-05,46.48,46.799999,46.18,46.5,45.369522,4400,COUCHE
2020-08-06,46.709999,46.790001,46.27,46.759998,45.623199,2500,COUCHE
2020-08-07,46.57,46.869999,46.18,46.18,45.057312,3900,COUCHE
2020-08-10,45.939999,46,45.279999,45.459999,44.354805,4700,COUCHE
2020-08-11,46.049999,46.310001,45.52,45.580002,44.471893,1500,COUCHE
2020-08-12,45.66,45.66,44.75,44.950001,43.857201,12200,COUCHE
2020-08-13,44.950001,45.560001,44.950001,45.560001,44.452374,3800,COUCHE
2020-08-14,46.5,46.5,45.259998,45.549999,44.442619,2600,COUCHE
2020-08-17,45.5,45.779999,45.23,45.650002,44.540188,2000,COUCHE
2020-08-18,45.369999,45.599998,45.25,45.360001,44.25724,1700,COUCHE
2020-08-19,45.599998,45.790001,45.599998,45.68,44.569458,4500,COUCHE
2020-08-20,45.98,46,45.66,45.93,44.813381,2900,COUCHE
2020-08-21,45.080002,45.869999,45.060001,45.400002,44.296265,6600,COUCHE
2020-08-24,45.400002,45.509998,45.049999,45.490002,44.384079,4600,COUCHE
2020-08-25,45.48,45.48,44.610001,44.68,43.593769,22300,COUCHE
2020-08-26,44.93,44.93,44.349998,44.919998,43.827934,12000,COUCHE
2020-08-27,45.970001,45.970001,44.689999,45.049999,43.954777,11600,COUCHE
2020-08-28,45.049999,45.049999,43.799999,43.869999,42.803459,15900,COUCHE
2020-08-31,44.099998,44.369999,42.599998,42.700001,41.661911,14900,COUCHE
2020-09-01,42.849998,43.549999,42.5,43.02,41.974121,11200,COUCHE
2020-09-02,45,46.380001,45,45.98,44.862171,33100,COUCHE
2020-09-03,46,46.700001,45.57,45.799999,44.686539,11000,COUCHE
2020-09-04,46,46,44.740002,44.84,43.749874,11700,COUCHE
2020-09-08,44.09,45.290001,44.09,44.150002,43.076653,8400,COUCHE
2020-09-09,44.98,46.830002,44.82,46.549999,45.418304,13000,COUCHE
2020-09-10,46.93,46.93,44.68,44.68,43.659424,12000,COUCHE
2020-09-11,45.939999,45.939999,44.560001,45.049999,44.020973,6100,COUCHE
2020-09-14,45.049999,46.939999,44.599998,45,43.972118,6000,COUCHE
2020-09-15,45.009998,45.400002,44.439999,44.639999,43.620335,5400,COUCHE
2020-09-16,44.509998,44.810001,43.299999,43.299999,42.310947,12100,COUCHE
2020-09-17,43.310001,44.400002,43.009998,44.240002,43.229481,18800,COUCHE
2020-09-18,44.119999,44.73,44.099998,44.709999,43.688736,5200,COUCHE
2020-09-21,44.169998,45.110001,44.049999,44.950001,43.923252,8900,COUCHE
2020-09-22,45.09,46.470001,44.939999,46.150002,45.095852,18900,COUCHE
2020-09-23,46.310001,47.299999,46.310001,46.779999,45.711452,14900,COUCHE
2020-09-24,46.189999,47.5,46.189999,47.110001,46.033916,11400,COUCHE
2020-09-25,47,47.470001,46.799999,46.919998,45.848255,8200,COUCHE
2020-09-28,46.919998,47.259998,46.119999,46.639999,45.574654,6400,COUCHE
2020-09-29,46.66,46.990002,46.029999,46.639999,45.574654,5900,COUCHE
2020-09-30,46.5,47,46.41,46.41,45.349911,4000,COUCHE
2020-10-01,46.200001,46.709999,46.200001,46.630001,45.564888,5000,COUCHE
2020-10-02,45.529999,46.509998,45.529999,46.220001,45.164249,9900,COUCHE
2020-10-05,46.02,46.549999,45.970001,46.439999,45.379219,4500,COUCHE
2020-10-06,46.41,46.41,45.5,45.869999,44.822239,6800,COUCHE
2020-10-07,46.740002,46.740002,45.830002,46.009998,44.959038,3500,COUCHE
2020-10-08,46.68,46.68,45.57,45.799999,44.753838,2900,COUCHE
2020-10-09,46.669998,46.669998,45.32,45.549999,44.509552,4400,COUCHE
2020-10-13,45.540001,45.549999,44.32,44.900002,43.874401,6100,COUCHE
2020-10-14,44.830002,45.099998,44.650002,45.080002,44.050289,3600,COUCHE
2020-10-15,45,45.23,44.5,44.93,43.903713,4200,COUCHE
2020-10-16,44.880001,45.209999,44.66,44.75,43.727829,2000,COUCHE
2020-10-19,44.639999,44.810001,44.150002,44.150002,43.141529,4600,COUCHE
2020-10-20,44.110001,44.59,44,44.029999,43.024273,5400,COUCHE
2020-10-21,43.860001,44.16,43.5,43.560001,42.56501,4500,COUCHE
2020-10-22,43.560001,43.880001,43.200001,43.400002,42.408657,4300,COUCHE
2020-10-23,43.220001,43.41,43.009998,43.220001,42.232777,5600,COUCHE
2020-10-26,43.169998,43.209999,42.709999,42.82,41.841904,5100,COUCHE
2020-10-27,42.990002,43.130001,42.299999,42.419998,41.451046,6300,COUCHE
2020-10-28,42.27,42.27,41.700001,41.880001,40.923378,8500,COUCHE
2020-10-29,41.540001,42,41.450001,41.669998,40.71817,6600,COUCHE
2020-10-30,41.619999,41.619999,40.470001,41.25,40.30777,8200,COUCHE
2020-11-02,41.880001,42.049999,41.209999,41.84,40.884304,8100,COUCHE
2020-11-03,42.049999,43.75,42.049999,43.5,42.506371,17700,COUCHE
2020-11-04,43.5,44.299999,43.5,43.549999,42.555233,6100,COUCHE
2020-11-05,45.490002,46.200001,44.32,45.82,44.773388,20400,COUCHE
2020-11-06,46,46,45.400002,45.599998,44.558411,4300,COUCHE
2020-11-09,46.59,46.700001,45.369999,45.369999,44.33366,10400,COUCHE
2020-11-10,45.509998,46.200001,45.029999,46,44.949272,5000,COUCHE
2020-11-11,45.75,46.209999,45.490002,45.77,44.724525,27500,COUCHE
2020-11-12,45.599998,45.630001,45.110001,45.110001,44.079605,2400,COUCHE
2020-11-13,45.02,45.41,44.970001,45.259998,44.226173,4900,COUCHE
2020-11-16,45.009998,45.049999,44.68,45.029999,44.001431,8200,COUCHE
2020-11-17,45.790001,45.790001,44.98,45.349998,44.314114,2800,COUCHE
2020-11-18,45.139999,45.189999,44.48,44.490002,43.473759,9200,COUCHE
2020-11-19,44.610001,44.610001,43.290001,43.5,42.506371,9300,COUCHE
2020-11-20,43.639999,44.799999,43.549999,43.860001,42.858158,9900,COUCHE
2020-11-23,44.93,44.93,43.549999,43.75,42.750668,15600,COUCHE
2020-11-24,43.77,44.139999,43.369999,43.990002,42.985188,17600,COUCHE
2020-11-25,45.650002,45.650002,43,43.700001,42.701813,23100,COUCHE
2020-11-26,43.759998,44,43.5,43.790001,42.789753,8500,COUCHE
2020-11-27,43.84,43.84,43.16,43.299999,42.310947,5700,COUCHE
2020-11-30,43.02,43.740002,43.02,43.200001,42.213234,5100,COUCHE
2020-12-01,43.5,43.990002,43.400002,43.400002,42.408657,9300,COUCHE
2020-12-02,43.650002,44.43,43.400002,44.43,43.503342,6900,COUCHE
2020-12-03,44.970001,44.970001,44.25,44.919998,43.983124,6400,COUCHE
2020-12-04,44.799999,44.919998,44.25,44.400002,43.473965,7300,COUCHE
2020-12-07,44.849998,44.869999,44.41,44.549999,43.620838,68300,COUCHE
2020-12-08,44.560001,45.189999,44.560001,44.66,43.728546,38700,COUCHE
2020-12-09,44.689999,44.799999,44.119999,44.709999,43.7775,5000,COUCHE
2020-12-10,44.700001,44.98,44.110001,44.18,43.258556,9600,COUCHE
2020-12-11,44.009998,44.450001,43.919998,44.169998,43.248764,5300,COUCHE
2020-12-14,44.5,45.099998,44.279999,45,44.061459,12300,COUCHE
2020-12-15,44.950001,45.25,44.869999,45.150002,44.208332,6100,COUCHE
2020-12-16,45.25,45.299999,44.779999,44.779999,43.846043,12200,COUCHE
2020-12-17,44.790001,45.5,44.669998,45.389999,44.443321,6700,COUCHE
2020-12-18,45.5,45.57,45.009998,45.009998,44.071243,7900,COUCHE
2020-12-21,45.209999,45.419998,44.259998,44.869999,43.934162,6700,COUCHE
2020-12-22,44.830002,45.869999,44.68,45.009998,44.071243,9500,COUCHE
2020-12-23,45.48,45.48,44.27,44.369999,43.444592,8400,COUCHE
2020-12-24,44.91,44.91,44.419998,44.75,43.816669,3500,COUCHE
2020-12-29,44.119999,45.080002,44.119999,44.799999,43.865623,7500,COUCHE
2020-12-30,44.900002,44.900002,44.150002,44.150002,43.229183,2600,COUCHE
2020-12-31,44.110001,44.75,43.5,43.5,42.592739,8900,COUCHE
2021-01-04,43.869999,44.490002,43.700001,44.040001,43.121475,8000,COUCHE
2021-01-05,44,44.5,43.5,43.799999,42.886482,11400,COUCHE
2021-01-06,43.950001,43.950001,43.049999,43.200001,42.299,30900,COUCHE
2021-01-07,43.849998,43.849998,42.849998,43.099998,42.20108,41800,COUCHE
2021-01-08,43.5,43.5,42.650002,42.970001,42.073795,15900,COUCHE
2021-01-11,42.610001,42.900002,42.349998,42.470001,41.584225,13700,COUCHE
2021-01-12,42.630001,42.630001,41.349998,41.349998,40.487579,53000,COUCHE
2021-01-13,40.799999,40.799999,37.200001,37.290001,36.51226,484600,COUCHE
2021-01-14,39.450001,39.450001,36.900002,36.98,36.208721,410400,COUCHE
2021-01-15,37.98,38.790001,37.349998,38.450001,37.648067,222600,COUCHE
2021-01-18,40.639999,40.810001,38.91,39.299999,38.480335,134900,COUCHE
2021-01-19,40,40,38.07,38.400002,37.599106,125700,COUCHE
2021-01-20,38.740002,38.880001,38.400002,38.650002,37.843895,71700,COUCHE
2021-01-21,38.939999,38.939999,38.25,38.310001,37.510983,51500,COUCHE
2021-01-22,38.52,38.650002,38.299999,38.630001,37.82431,40500,COUCHE
2021-01-25,39.389999,39.799999,38.639999,39.330002,38.509708,115900,COUCHE
2021-01-26,39.349998,39.950001,39,39.619999,38.793659,67300,COUCHE
2021-01-27,39.860001,39.860001,39.150002,39.23,38.411793,73300,COUCHE
2021-01-28,39.689999,39.689999,39.349998,39.549999,38.725124,46600,COUCHE
2021-01-29,39.599998,39.630001,39.200001,39.52,38.695751,33000,COUCHE
2021-02-01,39.849998,39.98,39.419998,39.689999,38.862202,48900,COUCHE
2021-02-02,40,40.23,39.650002,39.91,39.077618,73300,COUCHE
2021-02-03,40.09,40.779999,40.049999,40.41,39.567188,119700,COUCHE
2021-02-04,40.790001,41.369999,40.41,41.119999,40.262379,90600,COUCHE
2021-02-05,41.34,41.34,39.91,39.959999,39.126575,181300,COUCHE
2021-02-08,40,40.349998,39.66,39.860001,39.028652,83800,COUCHE
2021-02-09,39.75,39.950001,38.91,39.18,38.362839,83800,COUCHE
2021-02-10,39.200001,39.630001,39.150002,39.240002,38.421593,49600,COUCHE
2021-02-11,39.279999,39.52,38.93,39.360001,38.539085,57600,COUCHE
2021-02-12,39.459999,40.029999,39.16,39.889999,39.058033,76000,COUCHE
2021-02-16,39.900002,40,39.310001,39.5,38.676167,58600,COUCHE
2021-02-17,39.490002,39.599998,39,39,38.186592,50300,COUCHE
2021-02-18,38.900002,39.549999,38.66,38.84,38.029934,47300,COUCHE
2021-02-19,38.84,38.84,38.09,38.299999,37.501194,76900,COUCHE
2021-02-22,38.099998,38.259998,37.790001,38.119999,37.324944,25200,COUCHE
2021-02-23,38.18,38.299999,37.790001,37.900002,37.109535,23300,COUCHE
2021-02-24,38,38.75,37.599998,38.09,37.295578,29600,COUCHE
2021-02-25,38.080002,38.639999,38.049999,38.59,37.785145,35600,COUCHE
2021-02-26,38.75,38.75,38.349998,38.630001,37.82431,83200,COUCHE
2021-03-01,38.599998,39.029999,38.599998,38.799999,37.990765,26300,COUCHE
2021-03-02,39.09,39.57,38.98,39.549999,38.725124,50800,COUCHE
2021-03-03,39.560001,39.560001,39.07,39.220001,38.402008,16100,COUCHE
2021-03-04,39.18,40,39.18,39.889999,39.058033,69200,COUCHE
2021-03-05,39.93,40.709999,39.919998,40.580002,39.733646,35200,COUCHE
2021-03-08,40.75,41.07,40.419998,40.84,39.988224,38000,COUCHE
2021-03-09,41.200001,41.52,40.779999,40.919998,40.066544,15500,COUCHE
2021-03-10,40.950001,41.360001,40.73,41.27,40.409256,19500,COUCHE
2021-03-11,41.240002,41.639999,41.02,41.099998,40.242798,58100,COUCHE
2021-03-12,41.25,42.25,41.240002,41.68,40.810696,85400,COUCHE
2021-03-15,42.09,42.380001,41.349998,41.610001,40.742157,59500,COUCHE
2021-03-16,41.77,42.099998,41.759998,41.889999,41.016319,21800,COUCHE
2021-03-17,41.91,41.91,41.259998,41.560001,40.693207,54600,COUCHE
2021-03-18,40.759998,40.900002,39.77,40.700001,39.851135,83300,COUCHE
2021-03-19,40.57,40.799999,39.98,40.130001,39.293026,23300,COUCHE
2021-03-22,40.130001,40.700001,39.580002,40.529999,39.684689,27000,COUCHE
2021-03-23,40.389999,40.98,40.380001,40.459999,39.616146,22800,COUCHE
2021-03-24,40.43,40.439999,39.849998,39.849998,39.01886,13500,COUCHE
2021-03-25,40,40.130001,39.650002,40.029999,39.281857,20800,COUCHE
2021-03-26,40,40.41,39.849998,40.189999,39.438866,29000,COUCHE
2021-03-29,39.77,41.450001,39.77,41.299999,40.528122,50100,COUCHE
2021-03-30,41.310001,41.310001,40.990002,41.169998,40.400551,19800,COUCHE
2021-03-31,41.099998,41.369999,40.73,40.73,39.968773,20600,COUCHE
2021-04-01,40.779999,41.380001,40.189999,41.299999,40.528122,46100,COUCHE
2021-04-05,41.360001,41.380001,41.009998,41.189999,40.420177,12900,COUCHE
2021-04-06,41.009998,41.009998,40.599998,40.759998,39.998215,13300,COUCHE
2021-04-07,40.799999,42.34,40.799999,42.34,41.548687,79600,COUCHE
2021-04-08,42.209999,42.209999,41.240002,41.700001,40.92065,31800,COUCHE
2021-04-09,41.740002,41.740002,41.240002,41.549999,40.773449,6600,COUCHE
2021-04-12,41.560001,41.970001,41.48,41.720001,40.940269,8700,COUCHE
2021-04-13,41.799999,42.02,41.630001,41.720001,40.940269,14800,COUCHE
2021-04-14,41.799999,41.950001,41.32,41.77,40.989338,11800,COUCHE
2021-04-15,41.860001,42.259998,41.860001,41.919998,41.136532,32600,COUCHE
2021-04-16,41.990002,42.080002,41.509998,41.639999,40.861763,19200,COUCHE
2021-04-19,41.66,42.150002,41.66,42.119999,41.33279,18500,COUCHE
2021-04-20,42.119999,42.27,41.849998,42.27,41.48,13100,COUCHE
2021-04-21,42.27,42.650002,42,42.330002,41.538876,12600,COUCHE
2021-04-22,42.18,42.18,41.73,41.869999,41.087471,12000,COUCHE
2021-04-23,41.869999,42.080002,41.73,41.830002,41.048222,7700,COUCHE
2021-04-26,41.830002,41.830002,41.25,41.619999,40.842144,23100,COUCHE
2021-04-27,41.459999,42.099998,41.369999,41.639999,40.861763,25200,COUCHE
2021-04-28,41.889999,42.23,41.630001,41.700001,40.92065,9000,COUCHE
2021-04-29,41.759998,42.610001,41.759998,41.939999,41.156158,62700,COUCHE
2021-04-30,41.889999,42.16,41.700001,41.759998,40.979519,15600,COUCHE
2021-05-03,41.779999,42.25,41.759998,41.830002,41.048222,11800,COUCHE
2021-05-04,41.830002,41.830002,41.220001,41.529999,40.753826,11800,COUCHE
2021-05-05,41.049999,42.130001,41.049999,42.130001,41.342609,32400,COUCHE
2021-05-06,42,42.110001,41.450001,41.889999,41.107094,12000,COUCHE
2021-05-07,41.759998,42.029999,41.450001,42,41.215038,12500,COUCHE
2021-05-10,41.93,43,41.919998,42.700001,41.901958,20300,COUCHE
2021-05-11,42.59,42.810001,42.009998,42.009998,41.22485,13700,COUCHE
2021-05-12,42,42.68,42,42.200001,41.411301,27800,COUCHE
2021-05-13,42.25,42.52,41.700001,42.459999,41.666439,8100,COUCHE
2021-05-14,42.52,43.450001,42.52,43.450001,42.637943,22300,COUCHE
2021-05-17,43.16,43.84,43.16,43.700001,42.883266,30400,COUCHE
2021-05-18,43.59,44.080002,43.549999,43.900002,43.079525,17300,COUCHE
2021-05-19,43.610001,44.02,43.34,44.02,43.197285,17000,COUCHE
2021-05-20,44,44.959999,44,44.959999,44.119713,44000,COUCHE
2021-05-21,44.490002,44.700001,44.099998,44.099998,43.275791,10700,COUCHE
2021-05-25,44.009998,44.599998,44.009998,44.259998,43.432804,9600,COUCHE
2021-05-26,43.509998,44.68,43.509998,44.48,43.648685,21300,COUCHE
2021-05-27,44.540001,44.849998,44.310001,44.799999,43.962708,11700,COUCHE
2021-05-28,44.93,44.93,44.349998,44.349998,43.521118,16700,COUCHE
2021-05-31,44.68,44.68,43.669998,43.669998,42.853825,9300,COUCHE
2021-06-01,43.669998,44.59,43.669998,44.240002,43.413177,10400,COUCHE
2021-06-02,44.299999,44.82,44.279999,44.82,43.982338,10900,COUCHE
2021-06-03,44.240002,45.009998,44.240002,44.84,44.001957,13900,COUCHE
2021-06-04,44.91,45.130001,44.700001,45.029999,44.188412,10100,COUCHE
2021-06-07,45.099998,45.099998,44.73,45,44.158974,12500,COUCHE
2021-06-08,45.139999,45.299999,44.84,45.240002,44.394485,8900,COUCHE
2021-06-09,45.220001,45.25,44.5,45.02,44.1786,15900,COUCHE
2021-06-10,45.130001,45.5,44.950001,45.110001,44.266918,10200,COUCHE
2021-06-11,45.25,45.509998,45.25,45.509998,44.659439,1500,COUCHE
2021-06-14,45.470001,45.529999,45.099998,45.529999,44.67907,7100,COUCHE
2021-06-15,45.529999,45.779999,45.349998,45.349998,44.502426,7900,COUCHE
2021-06-16,45.18,45.18,44.700001,44.849998,44.011768,55600,COUCHE
2021-06-17,44.84,45.599998,44.830002,45.380001,44.531864,19600,COUCHE
2021-06-18,45.32,45.32,44.759998,44.970001,44.129536,6600,COUCHE
2021-06-21,44.77,44.849998,43.580002,43.580002,42.765514,22900,COUCHE
2021-06-22,43.970001,45.099998,43.740002,44.299999,43.472054,16200,COUCHE
2021-06-23,44.369999,44.369999,43.27,43.860001,43.040279,87400,COUCHE
2021-06-24,43.799999,44.060001,43.57,43.759998,42.942142,4000,COUCHE
2021-06-25,43.759998,44.209999,43.75,44.099998,43.275791,6500,COUCHE
2021-06-28,43.990002,44.400002,43.84,44.400002,43.570183,8800,COUCHE
2021-06-29,44.400002,45.41,44.400002,44.610001,43.776264,19200,COUCHE
2021-06-30,45.189999,46.75,45.189999,46.119999,45.258038,31200,COUCHE
2021-07-02,45.849998,47.25,45.849998,47.25,46.366917,27200,COUCHE
2021-07-05,47.27,47.27,46.66,46.799999,45.925327,15200,COUCHE
2021-07-06,46.470001,46.470001,45.959999,46.23,45.365982,8100,COUCHE
2021-07-07,45.810001,46.209999,45.59,45.669998,44.901924,2800,COUCHE
2021-07-08,45.349998,46,45.279999,46,45.226372,4600,COUCHE
2021-07-09,46.16,46.959999,46.009998,46.849998,46.06208,9800,COUCHE
2021-07-12,47,47.73,46.849998,47.5,46.701145,24700,COUCHE
2021-07-13,47.599998,47.630001,47.029999,47.48,46.68148,6200,COUCHE
2021-07-14,47.889999,47.889999,47.18,47.25,46.455345,13900,COUCHE
2021-07-15,47.470001,49.779999,47.470001,49.5,48.667511,31300,COUCHE
2021-07-16,49.689999,50.470001,49.240002,49.560001,48.726501,19600,COUCHE
2021-07-19,49.43,49.43,48.240002,48.610001,47.792477,18200,COUCHE
2021-07-20,48.509998,49.59,48.509998,49.360001,48.529865,14300,COUCHE
2021-07-21,49.369999,49.740002,49.279999,49.279999,48.451202,9100,COUCHE
2021-07-22,49.950001,49.959999,48.98,49.240002,48.411884,5100,COUCHE
2021-07-23,49.299999,49.950001,48.98,49.68,48.844486,5000,COUCHE
2021-07-26,49.970001,50.32,49.560001,50.259998,49.414726,13200,COUCHE
2021-07-27,50.240002,50.240002,49.66,49.970001,49.129608,14800,COUCHE
2021-07-28,49.799999,49.830002,49.259998,49.52,48.687172,4700,COUCHE
2021-07-29,49.98,49.98,49.650002,49.959999,49.119774,6100,COUCHE
2021-07-30,49.830002,50.970001,49.830002,50.970001,50.112789,11200,COUCHE
2021-08-03,50.970001,52.540001,50.970001,51.959999,51.08614,32400,COUCHE
2021-08-04,51.799999,52.060001,51.650002,51.919998,51.04681,9500,COUCHE
2021-08-05,51.990002,51.990002,50.950001,50.970001,50.112789,4400,COUCHE
2021-08-06,51.029999,51.650002,50.599998,51.490002,50.624039,11800,COUCHE
2021-08-09,51.580002,51.580002,51.049999,51.240002,50.378242,5900,COUCHE
2021-08-10,50.509998,52,50.509998,51.59,50.722355,8200,COUCHE
2021-08-11,51.509998,51.509998,50.860001,51.5,50.633869,4700,COUCHE
2021-08-12,51.75,51.75,50.990002,51.5,50.633869,6800,COUCHE
2021-08-13,51,51.779999,51,51.330002,50.466732,3100,COUCHE
2021-08-16,51.400002,51.799999,51.349998,51.790001,50.918987,15200,COUCHE
2021-08-17,51.790001,52.07,51.610001,52,51.125465,5100,COUCHE
2021-08-18,51.919998,52.470001,51.759998,51.82,50.948486,7600,COUCHE
2021-08-19,51.919998,52.349998,51.200001,52.32,51.440075,9400,COUCHE
2021-08-20,52.310001,52.369999,52,52.299999,51.420414,6900,COUCHE
2021-08-23,52.639999,52.639999,51.810001,52.099998,51.223782,9000,COUCHE
2021-08-24,52.029999,52.18,51.540001,51.599998,50.732185,4800,COUCHE
2021-08-25,51.490002,51.830002,51.119999,51.75,50.879669,5500,COUCHE
2021-08-26,51.740002,51.740002,50.82,51.209999,50.348743,6000,COUCHE
2021-08-27,51.330002,51.810001,51.299999,51.380001,50.515892,9000,COUCHE
2021-08-30,51.400002,52.279999,51.400002,52.279999,51.400761,9500,COUCHE
2021-08-31,52.02,52.02,51.189999,51.419998,50.555222,7000,COUCHE
2021-09-01,51,51.57,50.599998,50.599998,49.749008,11000,COUCHE
2021-09-02,50.150002,51.619999,50.150002,51.619999,50.75185,8000,COUCHE
2021-09-03,51.529999,51.529999,50.650002,50.73,49.876823,8300,COUCHE
2021-09-07,50.73,50.860001,50.400002,50.48,49.631027,8300,COUCHE
2021-09-08,50.299999,50.939999,50.290001,50.939999,50.083286,5200,COUCHE
2021-09-09,50.900002,50.900002,50.279999,50.57,49.719505,3400,COUCHE
2021-09-10,50.849998,50.849998,50.009998,50.060001,49.218094,4700,COUCHE
2021-09-13,50.220001,50.950001,50.16,50.16,49.316414,7000,COUCHE
2021-09-14,50.34,50.400002,50.16,50.389999,49.542542,4900,COUCHE
2021-09-15,50.439999,50.549999,49.970001,50.450001,49.601532,9200,COUCHE
2021-09-16,50.439999,50.540001,50.110001,50.150002,49.30658,6400,COUCHE
2021-09-17,49.299999,49.959999,48.700001,49.049999,48.225075,17500,COUCHE
2021-09-20,48.990002,49,48.200001,48.32,47.507351,10800,COUCHE
2021-09-21,48.57,49.66,48.509998,49.48,48.647842,7900,COUCHE
2021-09-22,49.709999,49.790001,48.990002,49.110001,48.284069,3000,COUCHE
2021-09-23,49.330002,49.330002,48.549999,48.549999,47.733482,5200,COUCHE
2021-09-24,48.790001,49.509998,48.290001,49.310001,48.480705,4600,COUCHE
2021-09-27,49.200001,49.200001,48.5,49.189999,48.36272,4600,COUCHE
2021-09-28,48.849998,48.849998,47.75,48.740002,47.920296,10600,COUCHE
2021-09-29,48.740002,49.279999,48.740002,48.98,48.156246,2400,COUCHE
2021-09-30,49,49.169998,48.389999,48.75,47.930122,6400,COUCHE
2021-10-01,48.580002,48.75,48.150002,48.75,47.930122,6600,COUCHE
2021-10-04,48.009998,48.59,47.610001,47.869999,47.064922,11600,COUCHE
2021-10-05,47.990002,48.5,47.84,48.5,47.684326,4100,COUCHE
2021-10-06,48.099998,48.5,47.82,48,47.192738,3900,COUCHE
2021-10-07,48,48.580002,48,48.580002,47.762981,3600,COUCHE
2021-10-08,48.48,48.48,47.349998,48.009998,47.202564,8500,COUCHE
2021-10-12,48.439999,48.439999,46.75,47.220001,46.425854,14800,COUCHE
2021-10-13,47.099998,47.799999,47,47.799999,46.996101,4200,COUCHE
2021-10-14,48,48.349998,47.82,47.970001,47.163242,7500,COUCHE
2021-10-15,48.189999,48.189999,47.650002,47.790001,46.986271,2700,COUCHE
2021-10-18,47.509998,49.330002,47.509998,49.330002,48.50037,8600,COUCHE
2021-10-19,48.299999,48.459999,47.860001,48.459999,47.644997,16900,COUCHE
2021-10-20,48.98,48.98,47.900002,47.900002,47.094421,7100,COUCHE
2021-10-21,48,48.66,48,48.560001,47.74332,2700,COUCHE
2021-10-22,48.630001,48.84,48.349998,48.650002,47.831802,7100,COUCHE
2021-10-25,48.869999,49.470001,48.43,49.470001,48.638016,3400,COUCHE
2021-10-26,49.369999,49.369999,48.009998,48.009998,47.202564,10800,COUCHE
2021-10-27,48.259998,48.259998,47,47.209999,46.416023,6900,COUCHE
2021-10-28,47.220001,47.950001,46.849998,47.950001,47.143574,7400,COUCHE
2021-10-29,46.959999,47.439999,46.75,47.099998,46.307869,4000,COUCHE
2021-11-01,47,48.32,47,48.32,47.507351,11100,COUCHE
2021-11-02,48.450001,48.939999,48.349998,48.349998,47.53685,109300,COUCHE
2021-11-03,48.349998,48.799999,48.130001,48.450001,47.635174,9400,COUCHE
2021-11-04,48.630001,49.900002,48.630001,49.900002,49.06078,24900,COUCHE
2021-11-05,49.709999,50.330002,49.689999,49.689999,48.854313,14000,COUCHE
2021-11-08,49.700001,49.869999,49.130001,49.759998,48.92313,9300,COUCHE
2021-11-09,49.75,50.599998,49.740002,50.599998,49.749008,7900,COUCHE
2021-11-10,50.650002,50.73,50.25,50.369999,49.522877,6500,COUCHE
2021-11-11,50.369999,50.799999,50.259998,50.419998,49.572033,3600,COUCHE
2021-11-12,50.560001,50.799999,50.139999,50.419998,49.572033,9900,COUCHE
2021-11-15,50.419998,51.279999,50.419998,51.099998,50.240597,15800,COUCHE
2021-11-16,51.080002,51.450001,50.98,51.34,50.476566,22900,COUCHE
2021-11-17,51.59,52.299999,51.34,52.259998,51.381088,16000,COUCHE
2021-11-18,51.869999,52.650002,51.82,52.240002,51.361427,24700,COUCHE
2021-11-19,52.169998,52.580002,51.040001,51.09,50.23077,32700,COUCHE
2021-11-22,51.139999,51.5,50.490002,51.02,50.161945,27700,COUCHE
2021-11-23,50.639999,51.599998,50.009998,50.75,49.896484,12200,COUCHE
2021-11-24,49.889999,49.889999,47.259998,48.5,47.684326,77900,COUCHE
2021-11-25,48.369999,48.950001,48.25,48.25,47.43853,31800,COUCHE
2021-11-26,47.5,48.150002,46.84,46.939999,46.150562,53800,COUCHE
2021-11-29,47.02,48.150002,46.950001,47.470001,46.67165,45600,COUCHE
2021-11-30,47.75,47.75,45.75,46.98,46.189892,40200,COUCHE
2021-12-01,47.16,47.779999,46.18,46.259998,45.588741,23900,COUCHE
2021-12-02,46.259998,48.189999,46.259998,47.709999,47.0177,45500,COUCHE
2021-12-03,48,48.599998,47.700001,47.849998,47.155666,32600,COUCHE
2021-12-06,48.049999,49.150002,48.040001,48.84,48.13131,179600,COUCHE
2021-12-07,49.360001,49.790001,49.150002,49.630001,48.909843,36200,COUCHE
2021-12-08,49.779999,51.75,49.060001,51.5,50.752712,2228000,COUCHE
2021-12-09,51.5,52.889999,51.16,52.450001,51.688923,936400,COUCHE
2021-12-10,52.189999,52.189999,49.549999,50,49.274475,1402300,COUCHE
2021-12-13,49.41,50.869999,48.810001,49.549999,48.831001,2476200,COUCHE
2021-12-14,48.790001,49.57,47.650002,48.299999,47.59914,1507900,COUCHE
2021-12-15,49.200001,49.200001,47.5,48.009998,47.313347,2293800,COUCHE
2021-12-16,47.799999,48.349998,47.259998,47.419998,46.731911,1193000,COUCHE
2021-12-17,47.419998,49,47.009998,47.849998,47.155666,3952400,COUCHE
2021-12-20,47.849998,48.91,47.700001,48.279999,47.57943,1271700,COUCHE
2021-12-21,48.720001,51.470001,48.549999,50.939999,50.200829,1167000,COUCHE
2021-12-22,50.84,52.040001,50.23,51.580002,50.831551,1244400,COUCHE
2021-12-23,51.68,53,51.669998,52.68,51.915588,1752200,COUCHE
2021-12-24,52.619999,52.91,51.93,52.450001,51.688923,327600,COUCHE
2021-12-29,51.75,53.349998,51.75,53,52.230938,954500,COUCHE
2021-12-30,52.900002,53.950001,52.349998,53.48,52.703972,617800,COUCHE
2021-12-31,53.099998,53.970001,52.669998,53,52.230938,797900,COUCHE
2022-01-04,52.900002,53.290001,51.75,52.099998,51.344002,1726600,COUCHE
2022-01-05,52.139999,52.66,50.619999,50.759998,50.023441,2080200,COUCHE
2022-01-06,50.419998,51.59,50.380001,50.630001,49.895336,1299000,COUCHE
2022-01-07,50.650002,51.09,50.139999,50.200001,49.471569,1187300,COUCHE
2022-01-10,50.240002,50.939999,49.669998,50.799999,50.062859,1358500,COUCHE
2022-01-11,50.330002,50.889999,49.77,50.669998,49.934746,1174600,COUCHE
2022-01-12,50.48,51.75,50.34,51.57,50.821693,1163700,COUCHE
2022-01-13,51.509998,52.110001,51.389999,51.509998,50.762562,1172900,COUCHE
2022-01-14,51.5,51.869999,51.110001,51.380001,50.634449,1200400,COUCHE
2022-01-17,51.639999,51.84,51.150002,51.77,51.018791,346100,COUCHE
2022-01-18,51.189999,51.98,51.139999,51.459999,50.713291,1511400,COUCHE
2022-01-19,51.630001,51.73,50.330002,50.48,49.747505,2280300,COUCHE
2022-01-20,50.740002,51.299999,49.889999,50.130001,49.402588,1564000,COUCHE
2022-01-21,49.610001,50.689999,48.450001,48.57,47.865223,1424600,COUCHE
2022-01-24,48.209999,49.950001,47.490002,49.75,49.028103,2010200,COUCHE
2022-01-25,49.09,50.220001,48.169998,49.91,49.18578,2100500,COUCHE
2022-01-26,50.099998,51.02,48.779999,48.950001,48.239708,1617900,COUCHE
2022-01-27,49.41,49.77,48.779999,48.91,48.200287,1459300,COUCHE
2022-01-28,48.77,49.779999,48.450001,49.740002,49.018246,1234300,COUCHE
2022-01-31,49.48,51.490002,49.32,51.27,50.526047,2218100,COUCHE
2022-02-01,51.5,53.73,51.450001,53.119999,52.349197,3302600,COUCHE
2022-02-02,53.18,54.299999,53.09,53.509998,52.73354,1935300,COUCHE
2022-02-03,53.16,53.75,52.529999,52.93,52.161957,1521700,COUCHE
2022-02-04,53.07,54.130001,53.040001,53.380001,52.605427,1733200,COUCHE
2022-02-07,52.950001,54.200001,52.580002,53.919998,53.137589,1633100,COUCHE
2022-02-08,53.939999,54.630001,53.689999,54.259998,53.472652,1386100,COUCHE
2022-02-09,54.599998,55.419998,54.200001,55.099998,54.300465,1863000,COUCHE
2022-02-10,54.630001,55.349998,53.82,53.900002,53.117889,2976200,COUCHE
2022-02-11,54.130001,54.68,53.360001,53.650002,52.87151,2136200,COUCHE
2022-02-14,53.599998,53.830002,52.099998,52.650002,51.886021,1509700,COUCHE
2022-02-15,52.080002,53.09,51.540001,52.25,51.491825,1813300,COUCHE
2022-02-16,51.91,52.450001,51.400002,51.5,50.752712,1387800,COUCHE
2022-02-17,51.299999,51.459999,50.459999,50.799999,50.062859,1499400,COUCHE
2022-02-18,50.68,51,49.610001,49.66,48.939407,1184500,COUCHE
2022-02-22,49.610001,50.09,48.77,49.200001,48.486076,1417000,COUCHE
2022-02-23,49.25,50.09,49.080002,49.27,48.555069,1648500,COUCHE
2022-02-24,48.009998,49.549999,47.580002,49.470001,48.752163,1724200,COUCHE
2022-02-25,49.41,51.240002,48.869999,51.209999,50.466915,2013100,COUCHE
2022-02-28,50.950001,50.950001,49.59,49.75,49.028103,4333200,COUCHE
2022-03-01,49.689999,50.029999,48.759998,49.139999,48.426956,1597100,COUCHE
2022-03-02,49.049999,49.990002,49.049999,49.380001,48.663475,1482000,COUCHE
2022-03-03,49.259998,49.529999,48.040001,48.27,47.569572,1605800,COUCHE
2022-03-04,47.599998,48.68,46.84,48.52,47.815952,2241500,COUCHE
2022-03-07,48,48.619999,46.439999,46.529999,45.854828,1847000,COUCHE
2022-03-08,46.490002,46.849998,45.23,46.369999,45.697144,2780700,COUCHE
2022-03-09,47.5,48.779999,47,48.75,48.04261,2519200,COUCHE
2022-03-10,47.91,49.41,47.200001,49.18,48.466373,2174500,COUCHE
2022-03-11,49.450001,49.580002,48.529999,48.84,48.13131,2395500,COUCHE
2022-03-14,48.73,49.380001,48.48,49.220001,48.505791,1219500,COUCHE
2022-03-15,49.220001,49.220001,47.779999,47.91,47.214802,2111800,COUCHE
2022-03-16,49,51.279999,48.619999,50.82,50.082573,2645300,COUCHE
2022-03-17,50.75,52.759998,50.5,52.68,51.915588,2372000,COUCHE
2022-03-18,52.490002,53.259998,51.950001,53.09,52.319633,7068600,COUCHE
2022-03-21,53,53,51.900002,52.68,51.915588,1344500,COUCHE
2022-03-22,52.619999,53.060001,52.349998,52.790001,52.023987,1721300,COUCHE
2022-03-23,52.700001,52.700001,52.240002,52.369999,51.717842,1419300,COUCHE
2022-03-24,52.610001,53.810001,52.369999,53.400002,52.735023,1852900,COUCHE
2022-03-25,53.400002,54.380001,52.93,54.299999,53.623817,1581700,COUCHE
2022-03-28,54.400002,56.580002,54.119999,55.41,54.71999,2016800,COUCHE
2022-03-29,55.689999,56.200001,54.98,55.139999,54.453354,1312600,COUCHE
2022-03-30,54.919998,55.639999,54.560001,55.299999,54.611362,1405800,COUCHE
2022-03-31,55.650002,56.919998,55.279999,56.32,55.61866,2078000,COUCHE
2022-04-01,56.5,56.700001,55.119999,55.560001,54.868126,1503200,COUCHE
2022-04-04,55.529999,56.950001,55.529999,56.459999,55.756916,1397900,COUCHE
2022-04-05,56.049999,57.220001,56.049999,56.790001,56.082809,1123400,COUCHE
2022-04-06,56.599998,57.02,56.419998,56.700001,55.993931,1058900,COUCHE
2022-04-07,56.900002,57.599998,56.75,57.41,56.695084,1943900,COUCHE
2022-04-08,57.400002,57.98,56.959999,57.419998,56.704956,1525700,COUCHE
2022-04-11,57.18,58.130001,56.669998,57.34,56.625965,2031900,COUCHE
2022-04-12,57.540001,58.25,56.610001,56.669998,55.964302,1840300,COUCHE
2022-04-13,56.650002,57.130001,56.360001,56.740002,56.033432,1593300,COUCHE
2022-04-14,56.669998,57.34,56.380001,56.419998,55.717415,1356800,COUCHE
2022-04-18,56.299999,56.970001,56.200001,56.580002,55.87542,1338700,COUCHE
2022-04-19,56.709999,58.439999,56.529999,58.18,57.455502,2294300,COUCHE
2022-04-20,58.27,58.400002,57.439999,57.720001,57.001225,1304400,COUCHE
2022-04-21,57.75,57.970001,57.240002,57.32,56.606209,1139300,COUCHE
2022-04-22,57.130001,57.779999,56.639999,56.68,55.974178,1829300,COUCHE
2022-04-25,56.400002,57.150002,56.209999,56.970001,56.260567,1099700,COUCHE
2022-04-26,57.25,57.25,56.029999,56.110001,55.411274,1647800,COUCHE
2022-04-27,56.27,57.27,55.689999,56.610001,55.905052,1631300,COUCHE
2022-04-28,56.75,58.700001,56.130001,58.389999,57.662884,1627000,COUCHE
2022-04-29,58,58.5,56.900002,57.189999,56.477825,1910900,COUCHE
2022-05-02,57.5,59.599998,57.41,58.110001,57.386368,2494600,COUCHE
2022-05-03,58.290001,59.23,57.860001,57.950001,57.228359,1771300,COUCHE
2022-05-04,58.200001,58.48,56.689999,57.490002,56.774094,1751100,COUCHE
2022-05-05,57.099998,57.439999,55.099998,55.259998,54.571857,1998200,COUCHE
2022-05-06,54.900002,56.18,54.57,55.209999,54.52248,1889400,COUCHE
2022-05-09,54.77,56.169998,54.73,54.919998,54.236095,1960300,COUCHE
2022-05-10,55.810001,56,54.189999,54.919998,54.236095,2838700,COUCHE
2022-05-11,54.939999,55.459999,53.799999,54.919998,54.236095,2963900,COUCHE
2022-05-12,54.419998,57.830002,54.419998,57.75,57.030857,2732200,COUCHE
2022-05-13,58,58.880001,57.5,58.439999,57.712257,1633600,COUCHE
2022-05-16,58.25,59.41,57.900002,58.959999,58.22578,1553100,COUCHE
2022-05-17,59.389999,59.389999,57.669998,57.900002,57.178989,1444400,COUCHE
2022-05-18,57.389999,57.740002,54.43,54.66,53.979336,1704200,COUCHE
2022-05-19,53.419998,56.23,53.419998,55.529999,54.838493,2012600,COUCHE
2022-05-20,55.5,56.400002,55.209999,55.610001,54.917503,2348200,COUCHE
2022-05-24,56,56.029999,54.84,55.259998,54.571857,1601200,COUCHE
2022-05-25,55.799999,56.09,55.349998,55.630001,54.937248,1266100,COUCHE
2022-05-26,55.630001,56.52,55.290001,56.259998,55.559399,1649300,COUCHE
2022-05-27,56.860001,57.27,56.470001,57.029999,56.31982,2016000,COUCHE
2022-05-30,57.32,58.380001,57.049999,58.07,57.346874,435300,COUCHE
2022-05-31,57.73,58.75,57.369999,57.470001,56.754341,3903800,COUCHE
2022-06-01,57.349998,58.099998,57.02,57.43,56.714836,1009400,COUCHE
2022-06-02,57.43,58.150002,57.040001,58,57.277737,815500,COUCHE
2022-06-03,57.700001,58.209999,57.490002,57.700001,56.981472,922800,COUCHE
2022-06-06,57.939999,58.080002,57.259998,57.330002,56.616085,769200,COUCHE
2022-06-07,57,57.52,56.700001,57.470001,56.754341,1026200,COUCHE
2022-06-08,57.48,58.279999,56.830002,57.150002,56.438328,1928700,COUCHE
2022-06-09,57.189999,57.619999,56.57,56.650002,55.944553,1212800,COUCHE
2022-06-10,56.259998,56.380001,54.490002,54.700001,54.018833,2673000,COUCHE
2022-06-13,53.639999,54.630001,53.529999,53.689999,53.021408,2667600,COUCHE
2022-06-14,53.66,54.540001,53.18,54.349998,53.673191,1943800,COUCHE
2022-06-15,54.5,54.650002,53.470001,54.049999,53.376926,1148700,COUCHE
2022-06-16,53.009998,53.400002,51.630001,52.68,52.023987,1581600,COUCHE
2022-06-17,52.950001,53.459999,52.23,53.040001,52.379505,4468900,COUCHE
2022-06-20,53,53.740002,52.869999,53.509998,52.843651,483200,COUCHE
2022-06-21,53.52,53.91,53.279999,53.5,52.833775,1908400,COUCHE
2022-06-22,52.91,54.009998,52.240002,53.279999,52.616512,1373900,COUCHE
2022-06-23,53.57,54.209999,53.220001,53.360001,52.695518,1352700,COUCHE
2022-06-24,54.119999,55.189999,53.799999,55.169998,54.482979,1465900,COUCHE
2022-06-27,55.419998,56.369999,54.939999,55.34,54.650864,2698500,COUCHE
2022-06-28,55.759998,55.900002,53.169998,53.380001,52.715271,1719500,COUCHE
2022-06-29,52.959999,53.380001,51.48,52.639999,51.984482,1784700,COUCHE
2022-06-30,51.509998,51.990002,49.580002,50.209999,49.584747,2802100,COUCHE
2022-07-04,50.25,52.279999,50.25,51.740002,51.095695,1061300,COUCHE
2022-07-05,51.619999,52.200001,50.209999,51.150002,50.513042,1725400,COUCHE
2022-07-06,51.139999,51.84,50.650002,51.009998,50.374783,1180200,COUCHE
2022-07-07,51.25,53.279999,50.889999,53.200001,52.651054,1778300,COUCHE
2022-07-08,52.689999,53.25,52.290001,52.849998,52.304661,1247600,COUCHE
2022-07-11,52.360001,52.470001,51.509998,51.57,51.037872,889100,COUCHE
2022-07-12,51.630001,52.799999,51.630001,51.990002,51.453541,1447900,COUCHE
2022-07-13,51.490002,53.25,51.200001,52.880001,52.334354,1893300,COUCHE
2022-07-14,52.509998,53.25,51.700001,52.75,52.205692,2257500,COUCHE
2022-07-15,53.25,53.470001,52.259998,52.43,51.888996,1009700,COUCHE
2022-07-18,53,53,51.389999,51.439999,50.90921,939900,COUCHE
2022-07-19,51.84,52.400002,51.360001,52.27,51.730648,1256300,COUCHE
2022-07-20,52.139999,52.77,51.48,52.610001,52.067142,725300,COUCHE
2022-07-21,52.470001,52.990002,52.259998,52.650002,52.106728,844000,COUCHE
2022-07-22,52.68,53.889999,52.619999,53.709999,53.155788,926600,COUCHE
2022-07-25,54,55,53.290001,54.93,54.363205,1034700,COUCHE
2022-07-26,54.48,54.610001,53.09,54.400002,53.838673,881600,COUCHE
2022-07-27,54.290001,55.599998,54.16,55.029999,54.46217,1358600,COUCHE
2022-07-28,55.049999,56.900002,54.880001,56.689999,56.105034,1328100,COUCHE
2022-07-29,57,57.66,56.740002,57.209999,56.619667,1263500,COUCHE
2022-08-02,56.27,57.84,56.220001,57.470001,56.876991,1607500,COUCHE
2022-08-03,57.389999,57.810001,57.049999,57.549999,56.956165,772000,COUCHE
2022-08-04,57.389999,58.5,57.27,58.48,57.876568,896200,COUCHE
2022-08-05,58.139999,58.150002,56.529999,57.299999,56.708744,961900,COUCHE
2022-08-08,57.32,57.970001,57.080002,57.119999,56.530602,1072300,COUCHE
2022-08-09,57.360001,57.360001,55.669998,55.73,55.154945,1096200,COUCHE
2022-08-10,56.41,57.25,56.360001,57.139999,56.550396,1256800,COUCHE
2022-08-11,57.139999,58.439999,57.07,58.41,57.807289,1022600,COUCHE
2022-08-12,58.52,59.529999,58.389999,59.490002,58.876144,1058500,COUCHE
2022-08-15,59.360001,60.07,59.330002,59.490002,58.876144,1056200,COUCHE
2022-08-16,59.330002,60.380001,59.330002,60.110001,59.48975,1160800,COUCHE
2022-08-17,60.040001,60.380001,59.360001,59.599998,58.985008,1051600,COUCHE
2022-08-18,59.790001,60.66,59.610001,59.720001,59.103775,1393800,COUCHE
2022-08-19,59.369999,59.709999,58.849998,59.060001,58.450588,927300,COUCHE
2022-08-22,58.48,59.619999,58.43,59.400002,58.787079,1158100,COUCHE
2022-08-23,59.330002,59.389999,58.900002,59.099998,58.49017,959500,COUCHE
2022-08-24,59.07,59.459999,57.990002,58.02,57.421314,1262900,COUCHE
2022-08-25,58.25,58.439999,57.75,58.310001,57.708324,2103900,COUCHE
2022-08-26,58.200001,58.43,56.950001,56.970001,56.382153,1027100,COUCHE
2022-08-29,56.73,57.400002,56.580002,56.84,56.25349,855800,COUCHE
2022-08-30,56.959999,57.459999,56.310001,56.57,55.986275,1279100,COUCHE
2022-08-31,57.779999,59,55.689999,56.439999,55.857616,3042200,COUCHE
2022-09-01,56.939999,58.790001,56.720001,58.77,58.163574,1690600,COUCHE
2022-09-02,59.450001,59.98,58.639999,59.459999,58.846455,2100500,COUCHE
2022-09-06,60,60.040001,58.549999,58.790001,58.183369,1323500,COUCHE
2022-09-07,58.860001,59.48,58.290001,58.900002,58.401508,1116600,COUCHE
2022-09-08,58.650002,58.759998,57.41,58.509998,58.014809,1512600,COUCHE
2022-09-09,58.639999,59.799999,58.380001,59.419998,58.917107,1151800,COUCHE
2022-09-12,59.32,60.470001,59.25,60.189999,59.680584,1509300,COUCHE
2022-09-13,59.490002,60.259998,58.919998,58.98,58.480827,1626600,COUCHE
2022-09-14,59.279999,59.48,58.75,59.060001,58.560154,1203700,COUCHE
2022-09-15,59.049999,59.139999,58.150002,58.669998,58.173454,1489100,COUCHE
2022-09-16,58.310001,59.110001,58.09,59.080002,58.579983,4739100,COUCHE
2022-09-19,58.650002,59.060001,58.27,58.66,58.163536,1183000,COUCHE
2022-09-20,58.560001,58.689999,57.330002,57.59,57.102592,1426000,COUCHE
2022-09-21,57.68,58.200001,56.259998,56.290001,55.813599,1241800,COUCHE
2022-09-22,56.290001,56.549999,54.59,54.799999,54.336205,1851700,COUCHE
2022-09-23,54.490002,55.82,54.119999,54.529999,54.068493,2172900,COUCHE
2022-09-26,54.459999,55.240002,54.380001,54.82,54.356033,1233500,COUCHE
2022-09-27,55.18,55.779999,54.389999,55.68,55.208759,1729600,COUCHE
2022-09-28,55.5,56.75,55.279999,56.040001,55.565712,1633300,COUCHE
2022-09-29,55.810001,56.900002,55.209999,56.540001,56.061481,1824000,COUCHE
2022-09-30,56.779999,56.84,55.509998,55.610001,55.139351,1611500,COUCHE
2022-10-03,55.25,57.349998,55.25,56.639999,56.160633,1544300,COUCHE
2022-10-04,57.5,58.25,57.360001,57.790001,57.300903,1786900,COUCHE
2022-10-05,57.400002,57.830002,56.68,57.310001,56.824966,1096700,COUCHE
2022-10-06,57.169998,58.360001,56.759998,57.09,56.606827,1854600,COUCHE
2022-10-07,56.759998,57.02,55.599998,55.779999,55.307911,1254400,COUCHE
2022-10-11,55.619999,57.09,55.560001,56.27,55.793766,1424500,COUCHE
2022-10-12,56.389999,58,56.150002,57.049999,56.567165,1503400,COUCHE
2022-10-13,56.07,59.150002,56.07,58.07,57.578533,1696500,COUCHE
2022-10-14,58.599998,58.599998,57.380001,57.650002,57.16209,1183900,COUCHE
2022-10-17,58.029999,58.540001,57.84,57.970001,57.479378,1122900,COUCHE
2022-10-18,58.779999,58.779999,57.470001,57.82,57.330643,829600,COUCHE
2022-10-19,57.709999,57.959999,56.650002,57.07,56.586994,1380400,COUCHE
2022-10-20,57.150002,57.919998,56.75,57.110001,56.626659,1033100,COUCHE
2022-10-21,56.990002,58.52,56.810001,58.189999,57.697517,1464200,COUCHE
2022-10-24,58.209999,59.77,57.830002,59.119999,58.619644,1212100,COUCHE
2022-10-25,59.060001,60.32,58.779999,59.580002,59.075748,1400000,COUCHE
2022-10-26,59.580002,60.970001,59.299999,60.009998,59.50211,1376600,COUCHE
2022-10-27,60.27,60.959999,60.029999,60.470001,59.958218,1652900,COUCHE
2022-10-28,60.439999,61.93,60.23,61.450001,60.929924,1629100,COUCHE
2022-10-31,61.16,61.490002,60.599998,61,60.483734,2220100,COUCHE
2022-11-01,61.48,62,61.360001,61.84,61.316628,1280900,COUCHE
2022-11-02,61.650002,62.240002,61.349998,61.41,60.890263,1400400,COUCHE
2022-11-03,61.009998,62.349998,60.889999,61.939999,61.415779,1348300,COUCHE
2022-11-04,62.299999,62.689999,61.099998,61.650002,61.128235,1185800,COUCHE
2022-11-07,61.650002,62.279999,61,62.189999,61.663662,1087900,COUCHE
2022-11-08,62.220001,62.5,61.849998,62.119999,61.594254,1081300,COUCHE
2022-11-09,62,62.029999,60.950001,61.32,60.801025,1609200,COUCHE
2022-11-10,62.290001,62.880001,61.889999,62.82,62.28833,1461200,COUCHE
2022-11-11,63,63.48,62.48,62.900002,62.367653,1690300,COUCHE
2022-11-14,62.900002,63.32,62.27,62.299999,61.772732,2098100,COUCHE
2022-11-15,62.880001,63.040001,61.860001,62.080002,61.554596,1407300,COUCHE
2022-11-16,62.110001,63.150002,62.110001,62.619999,62.090019,1688800,COUCHE
2022-11-17,62.560001,63.029999,61.830002,62.060001,61.534763,1563100,COUCHE
2022-11-18,62.25,62.439999,61.240002,61.720001,61.197643,1825700,COUCHE
2022-11-21,61.700001,62.150002,61.450001,61.880001,61.356289,3095800,COUCHE
2022-11-22,62.099998,62.099998,61.080002,61.459999,60.939838,2021600,COUCHE
2022-11-23,60.580002,61.240002,59.860001,60.099998,59.591354,2459300,COUCHE
2022-11-24,60.349998,60.380001,59.099998,60.150002,59.64093,1047400,COUCHE
2022-11-25,60.27,61.060001,60.130001,60.880001,60.36475,1129400,COUCHE
2022-11-28,60.810001,62.080002,60.810001,62,61.475269,2616900,COUCHE
2022-11-29,61.970001,62.099998,61.200001,61.25,60.731617,1321700,COUCHE
2022-11-30,61.5,61.830002,59.799999,61.279999,60.900566,4372200,COUCHE
2022-12-01,61.540001,62.110001,61.310001,61.709999,61.327904,1281000,COUCHE
2022-12-02,61.189999,61.66,61.09,61.380001,60.99995,1318300,COUCHE
2022-12-05,61.119999,61.57,61.09,61.5,61.119202,1280100,COUCHE
2022-12-06,61.5,61.919998,60.16,60.43,60.055832,1698300,COUCHE
2022-12-07,60.439999,61.400002,60.439999,60.889999,60.512978,1881800,COUCHE
2022-12-08,60.970001,62.939999,60.860001,62.369999,61.983818,2002300,COUCHE
2022-12-09,62.279999,62.490002,61.560001,61.779999,61.397469,1141800,COUCHE
2022-12-12,61.77,62.709999,61.75,62.32,61.934128,1644900,COUCHE
2022-12-13,62.950001,63.240002,62.59,63.040001,62.64967,1597700,COUCHE
2022-12-14,63.110001,63.540001,62.130001,62.330002,61.944065,1759000,COUCHE
2022-12-15,62.189999,62.549999,60.93,61.209999,60.831001,1232600,COUCHE
2022-12-16,60.82,61.540001,60.5,61.25,60.87075,3465600,COUCHE
2022-12-19,61.360001,62.09,61.009998,61.310001,60.930386,1116200,COUCHE
2022-12-20,61,61.639999,60.360001,61.060001,60.681931,1124900,COUCHE
2022-12-21,61.290001,62.220001,61.200001,61.490002,61.109268,891500,COUCHE
2022-12-22,61.189999,61.59,60.099998,60.189999,59.81731,1227000,COUCHE
2022-12-23,60.209999,60.360001,59.32,59.73,59.360165,878700,COUCHE
2022-12-28,59.23,60.150002,59.009998,59.59,59.221027,1796100,COUCHE
2022-12-29,59.810001,60.98,59.32,60.599998,60.224777,1937900,COUCHE
2022-12-30,60.220001,60.400002,59.02,59.5,59.131592,1777600,COUCHE
2023-01-03,60.389999,60.990002,60.029999,60.139999,59.767624,1139200,COUCHE
2023-01-04,60.330002,60.73,59.650002,60.080002,59.708,1062100,COUCHE
2023-01-05,60.099998,60.869999,59.049999,60.82,60.443413,1233700,COUCHE
2023-01-06,60.889999,62.169998,60.59,61.869999,61.486916,1289000,COUCHE
2023-01-09,61.869999,62.709999,61.869999,62.080002,61.695614,1185600,COUCHE
2023-01-10,62.09,62.599998,61.860001,62.57,62.182579,1260600,COUCHE
2023-01-11,62.700001,63.310001,62.02,62.110001,61.725426,1442000,COUCHE
2023-01-12,62.240002,62.66,61.779999,62.279999,61.894371,1313400,COUCHE
2023-01-13,62.310001,63.25,62.310001,62.98,62.590038,1356000,COUCHE
2023-01-16,62.700001,63.490002,62.700001,63.32,62.927933,418600,COUCHE
2023-01-17,63.240002,63.549999,63,63.07,62.679485,1266100,COUCHE
2023-01-18,63.080002,63.540001,62.700001,62.959999,62.570164,1292400,COUCHE
2023-01-19,62.790001,63.32,62.75,62.93,62.540348,1467700,COUCHE
2023-01-20,63.02,63.110001,62.110001,62.169998,61.785053,1234300,COUCHE
2023-01-23,62.119999,62.119999,61.25,61.709999,61.327904,1330800,COUCHE
2023-01-24,61.709999,62.380001,61.57,62.360001,61.973881,1342900,COUCHE
2023-01-25,62.040001,62.68,61.560001,62.259998,61.874496,1266100,COUCHE
2023-01-26,62.5,62.529999,60.790001,60.919998,60.542789,1490200,COUCHE
2023-01-27,60.849998,60.970001,59.630001,59.669998,59.300533,1692000,COUCHE
2023-01-30,59.5,60.529999,59.310001,60.119999,59.747749,1622200,COUCHE
2023-01-31,60.16,60.849998,59.779999,60.759998,60.383789,1882800,COUCHE
2023-02-01,60.66,60.959999,59.889999,60,59.628494,2205100,COUCHE
2023-02-02,60.110001,60.360001,58.939999,59.23,58.863258,2950700,COUCHE
2023-02-03,59.200001,60.400002,59.150002,60.330002,59.956451,1784600,COUCHE
2023-02-06,60,60.130001,59.419998,59.66,59.290596,1156400,COUCHE
2023-02-07,59.299999,59.830002,58.919998,59.73,59.360165,1475600,COUCHE
2023-02-08,59.700001,60.889999,59.529999,60.860001,60.483166,1211000,COUCHE
2023-02-09,61,61.830002,60.799999,61.59,61.208649,2507300,COUCHE
2023-02-10,61.400002,62.68,61.130001,62.560001,62.172642,1726600,COUCHE
2023-02-13,62.389999,63.450001,62.279999,63.360001,62.967686,1062700,COUCHE
2023-02-14,63.16,64.269997,62.849998,63.990002,63.593784,1514500,COUCHE
2023-02-15,63.84,65.040001,63.68,64.57,64.170197,1306100,COUCHE
2023-02-16,64.559998,65.050003,64.160004,64.839996,64.438522,1217100,COUCHE
2023-02-17,64.639999,65.949997,64.580002,65.589996,65.183876,1268500,COUCHE
2023-02-21,65.169998,65.410004,63.549999,63.66,63.265827,1516200,COUCHE
2023-02-22,63.669998,65.82,63.669998,65.589996,65.183876,1751700,COUCHE
2023-02-23,65.099998,65.580002,63.849998,64.330002,63.931683,2023100,COUCHE
2023-02-24,64.040001,64.330002,63.099998,64.290001,63.89193,1309200,COUCHE
2023-02-27,64,64.470001,63.810001,64.120003,63.722984,649500,COUCHE
2023-02-28,64.029999,64.120003,63.290001,64.010002,63.613667,2580400,COUCHE
2023-03-01,63.73,63.740002,63.029999,63.169998,62.778862,1549400,COUCHE
2023-03-02,62.900002,63.639999,62.290001,63.57,63.176388,1058600,COUCHE
2023-03-03,63.700001,65.470001,63.57,65.300003,64.895683,870000,COUCHE
2023-03-06,65.099998,65.459999,64.830002,65.080002,64.67704,672300,COUCHE
2023-03-07,65.5,65.68,64.989998,65.18,64.776421,789900,COUCHE
2023-03-08,65.160004,65.800003,64.870003,65.110001,64.706848,1031500,COUCHE
2023-03-09,65.209999,65.550003,64.379997,64.589996,64.190071,1258300,COUCHE
2023-03-10,64.599998,64.730003,62.709999,62.900002,62.510536,1689700,COUCHE
2023-03-13,62.75,63.220001,62.07,62.52,62.132893,1889100,COUCHE
2023-03-14,62.48,63.139999,62.110001,62.93,62.540348,1619200,COUCHE
2023-03-15,62,62,60.25,60.939999,60.562668,1848400,COUCHE
2023-03-16,61,62.759998,59.950001,62.610001,62.222332,2159500,COUCHE
2023-03-17,62.580002,62.610001,60.07,61.59,61.208649,4994100,COUCHE
2023-03-20,61.880001,64.900002,61.509998,62.720001,62.33165,1592900,COUCHE
2023-03-21,62.869999,63.040001,62.400002,62.830002,62.440968,906400,COUCHE
2023-03-22,62.759998,64.790001,62.759998,63.48,63.227833,1456900,COUCHE
2023-03-23,63.57,64.440002,63.150002,63.970001,63.715885,2264500,COUCHE
2023-03-24,63.700001,64.849998,63.66,64.660004,64.403145,1375100,COUCHE
2023-03-27,65,65.419998,64.779999,65.370003,65.110329,1227100,COUCHE
2023-03-28,65.220001,65.809998,65.190002,65.68,65.41909,948300,COUCHE
2023-03-29,65.849998,67,65.620003,66.800003,66.534645,1770600,COUCHE
2023-03-30,67.099998,67.709999,66.459999,67.580002,67.311546,1379500,COUCHE
2023-03-31,67.550003,68.18,67.400002,67.949997,67.680077,1709300,COUCHE
2023-04-03,67.32,68.400002,67.32,67.489998,67.221901,1935400,COUCHE
2023-04-04,67.75,67.949997,66.160004,66.43,66.166115,970400,COUCHE
2023-04-05,66.25,66.839996,66.25,66.730003,66.464928,918800,COUCHE
2023-04-06,66.580002,67.339996,66.580002,67.099998,66.83345,1128900,COUCHE
2023-04-10,66.900002,67.699997,66.849998,67.580002,67.311546,1178400,COUCHE
2023-04-11,67.589996,68.370003,67.589996,67.93,67.660156,1082700,COUCHE
2023-04-12,68.010002,68.129997,67.050003,67.470001,67.201981,1281400,COUCHE
2023-04-13,67.589996,67.989998,67.360001,67.720001,67.450996,769900,COUCHE
2023-04-14,67.760002,68.18,67.75,67.949997,67.680077,397200,COUCHE
2023-04-17,67.980003,67.989998,66.709999,66.760002,66.494804,1295100,COUCHE
2023-04-18,66.800003,67.160004,66.059998,66.449997,66.186028,1159200,COUCHE
2023-04-19,66.389999,67.059998,66.300003,66.620003,66.355354,894100,COUCHE
2023-04-20,66,67.389999,66,66.790001,66.524689,904100,COUCHE
2023-04-21,66.900002,67.739998,66.879997,67.699997,67.431068,771300,COUCHE
2023-04-24,67.440002,67.949997,67.230003,67.449997,67.18206,660000,COUCHE
2023-04-25,67.449997,67.760002,66.370003,66.580002,66.315521,1102600,COUCHE
2023-04-26,66.410004,67.099998,66.410004,66.660004,66.395203,768200,COUCHE
2023-04-27,67.550003,68.050003,67.059998,67.540001,67.271706,1086700,COUCHE
2023-04-28,67.309998,67.93,67.209999,67.620003,67.351395,804000,COUCHE
2023-05-01,67.620003,67.889999,67.190002,67.269997,67.002769,486700,COUCHE
2023-05-02,67.010002,67.339996,66.43,67.239998,66.972893,886200,COUCHE
2023-05-03,67.300003,67.800003,67.199997,67.330002,67.062538,707100,COUCHE
2023-05-04,67.139999,67.260002,66.5,66.540001,66.275681,697100,COUCHE
2023-05-05,66.839996,67.370003,66.5,67.209999,66.943008,455500,COUCHE
2023-05-08,67.349998,67.720001,66.800003,67.540001,67.271706,539000,COUCHE
2023-05-09,67.290001,67.989998,67.150002,67.989998,67.719917,587000,COUCHE
2023-05-10,67.889999,67.949997,66.440002,66.970001,66.703972,629400,COUCHE
2023-05-11,66.949997,67.32,66.290001,67.209999,66.943008,646300,COUCHE
2023-05-12,67.209999,67.959999,66.43,66.68,66.415115,1047300,COUCHE
2023-05-15,66.779999,67.040001,66.279999,66.620003,66.355354,600700,COUCHE
2023-05-16,66.169998,66.760002,65.099998,66.010002,65.74778,907600,COUCHE
2023-05-17,66.010002,66.480003,65.400002,66.419998,66.156151,893600,COUCHE
2023-05-18,66.360001,66.849998,65.360001,66.059998,65.797585,851900,COUCHE
2023-05-19,65.720001,66.309998,65.269997,66.010002,65.74778,1232700,COUCHE
2023-05-23,65.279999,66.120003,64.580002,65.480003,65.219887,1361500,COUCHE
2023-05-24,65.389999,66.120003,64.980003,66.019997,65.757736,851200,COUCHE
2023-05-25,65.889999,67,65.540001,66.610001,66.345398,662300,COUCHE
2023-05-26,66.610001,67.43,66.300003,67.389999,67.122299,749500,COUCHE
2023-05-29,67.5,67.5,66.449997,66.709999,66.445,336600,COUCHE
2023-05-30,66.220001,66.220001,65.269997,65.400002,65.140205,952500,COUCHE
2023-05-31,65.150002,66.07,64.870003,65.730003,65.468903,3013700,COUCHE
2023-06-01,65.550003,66.760002,65.389999,66.629997,66.365318,805200,COUCHE
2023-06-02,66.720001,67.739998,66.599998,67.669998,67.401184,1092800,COUCHE
2023-06-05,67.410004,68.110001,67.410004,67.709999,67.441025,1212500,COUCHE
2023-06-06,67.760002,67.760002,66.720001,67.269997,67.002769,945000,COUCHE
2023-06-07,67.279999,67.620003,66.019997,66.160004,65.897194,1238600,COUCHE
2023-06-08,66.019997,66.139999,65.07,65.18,64.921082,1178500,COUCHE
2023-06-09,65.110001,65.419998,64.459999,64.580002,64.323463,1315200,COUCHE
2023-06-12,64.580002,64.900002,64.169998,64.589996,64.33342,1268200,COUCHE
2023-06-13,64.730003,64.970001,64.389999,64.839996,64.582428,704000,COUCHE
2023-06-14,64.690002,65.209999,64.690002,65.040001,64.781639,911200,COUCHE
2023-06-15,65.190002,65.93,64.879997,64.959999,64.70195,1258500,COUCHE
2023-06-16,64.980003,65.730003,64.639999,64.730003,64.472878,4846400,COUCHE
2023-06-19,64.940002,65.330002,64.550003,65.139999,64.881241,288900,COUCHE
2023-06-20,64.940002,65.400002,64.809998,65.300003,65.040611,1738500,COUCHE
2023-06-21,65.18,65.610001,64.510002,64.540001,64.283623,980100,COUCHE
2023-06-22,64.75,65.480003,64.480003,64.739998,64.482826,1342900,COUCHE
2023-06-23,64.510002,64.540001,63.349998,63.48,63.227833,1272800,COUCHE
2023-06-26,63.310001,64.980003,63.290001,64.760002,64.502747,4136500,COUCHE
2023-06-27,64.730003,65.43,64.470001,65.349998,65.090401,915000,COUCHE
2023-06-28,66.660004,68.900002,66.529999,68,67.729874,2037700,COUCHE
2023-06-29,68.199997,68.260002,67.660004,67.93,67.660156,1309400,COUCHE
2023-06-30,67.769997,68.220001,67.470001,67.93,67.660156,1906800,COUCHE
2023-07-04,68.110001,68.580002,67.510002,67.68,67.411148,436800,COUCHE
2023-07-05,67.519997,68.389999,67.510002,68,67.729874,1122800,COUCHE
2023-07-06,67.389999,67.650002,66.160004,66.199997,66.073059,1539600,COUCHE
2023-07-07,66,66.370003,65.150002,65.260002,65.134865,1256600,COUCHE
2023-07-10,65.360001,65.690002,64.940002,65.089996,64.965187,670600,COUCHE
2023-07-11,65.129997,65.559998,64.82,65.400002,65.274597,747500,COUCHE
2023-07-12,65.660004,65.660004,64.940002,65.449997,65.324493,689300,COUCHE
2023-07-13,65.57,66.589996,65.57,66.309998,66.182846,924900,COUCHE
2023-07-14,66.309998,66.879997,66.300003,66.879997,66.751755,904600,COUCHE
2023-07-17,66.599998,67.330002,66.400002,67.139999,67.011253,641300,COUCHE
2023-07-18,67.989998,68.010002,67.050003,67.330002,67.200897,952800,COUCHE
2023-07-19,67.349998,67.559998,67.019997,67.080002,66.95137,633500,COUCHE
2023-07-20,66.989998,67.309998,66.529999,67.129997,67.001274,481600,COUCHE
2023-07-21,67.400002,67.949997,67.199997,67.629997,67.500313,1004200,COUCHE
2023-07-24,67.589996,67.669998,67.099998,67.150002,67.02124,696800,COUCHE
2023-07-25,67.309998,67.480003,66.550003,67.089996,66.961349,870900,COUCHE
2023-07-26,66.940002,67.290001,66.300003,67.150002,67.02124,1630300,COUCHE
2023-07-27,67.290001,67.730003,66.75,66.949997,66.821617,531700,COUCHE
2023-07-28,67.25,67.540001,66.690002,66.690002,66.562119,720900,COUCHE
2023-07-31,66.809998,67.440002,66.589996,66.760002,66.631989,878700,COUCHE
2023-08-01,66.5,67.010002,66.099998,66.769997,66.64196,593700,COUCHE
2023-08-02,66.440002,66.589996,65.559998,66.029999,65.903381,1135900,COUCHE
2023-08-03,65.739998,66.239998,65.330002,65.809998,65.683807,1069400,COUCHE
2023-08-04,65.82,66.389999,65.080002,65.989998,65.863457,614700,COUCHE
2023-08-08,66.089996,67.339996,65.860001,67.230003,67.101089,1284300,COUCHE
2023-08-09,67.239998,67.730003,67.029999,67.610001,67.480354,703700,COUCHE
2023-08-10,67.660004,68.970001,67.660004,68.910004,68.777863,903100,COUCHE
2023-08-11,68.669998,69.779999,68.599998,69.730003,69.596291,834600,COUCHE
2023-08-14,69.57,69.900002,68.089996,69.519997,69.386688,1037400,COUCHE
2023-08-15,69.110001,69.580002,68.300003,68.489998,68.358665,1177200,COUCHE
2023-08-16,68.529999,69.209999,68.199997,68.599998,68.468452,925600,COUCHE
2023-08-17,68.989998,69.959999,68.730003,69.849998,69.716057,1290800,COUCHE
2023-08-18,69.860001,69.860001,68.949997,69.5,69.36673,1139200,COUCHE
2023-08-21,69.639999,69.830002,69.029999,69.169998,69.037361,1436300,COUCHE
2023-08-22,69.150002,69.339996,68.410004,68.599998,68.468452,1172700,COUCHE
2023-08-23,68.779999,69.889999,68.610001,69.650002,69.516441,1102000,COUCHE
2023-08-24,69.769997,70.989998,69.43,70.849998,70.714142,1601800,COUCHE
2023-08-25,70.949997,71.879997,70.93,71.290001,71.153297,1560100,COUCHE
2023-08-28,71.389999,71.629997,70,70.040001,69.905693,823700,COUCHE
2023-08-29,69.739998,71.370003,69.599998,71.309998,71.173256,979100,COUCHE
2023-08-30,71.5,71.769997,71.160004,71.260002,71.12336,1015300,COUCHE
2023-08-31,71.220001,71.660004,70.510002,70.660004,70.524513,1866200,COUCHE
2023-09-01,71.010002,72.559998,70.919998,72.389999,72.25119,2019300,COUCHE
2023-09-05,72.230003,72.980003,71.5,71.93,71.792068,1021100,COUCHE
2023-09-06,71.839996,72.080002,70.779999,71.559998,71.422775,1363000,COUCHE
2023-09-07,70.589996,71.760002,70.110001,70.150002,70.015488,1848900,COUCHE
2023-09-08,70.150002,71.510002,70.150002,71.5,71.362892,1027400,COUCHE
2023-09-11,71.580002,72.32,71.360001,72.099998,71.961746,1222900,COUCHE
2023-09-12,72.099998,72.410004,71.650002,72.139999,72.001671,1576500,COUCHE
2023-09-13,72.370003,73.099998,72.059998,73.010002,72.870003,1278500,COUCHE
2023-09-14,73.220001,73.970001,73.150002,73.809998,73.809998,1942100,COUCHE
2023-09-15,73.989998,74.489998,72.959999,73.389999,73.389999,5200300,COUCHE
2023-09-18,73.379997,73.540001,72.690002,72.739998,72.739998,844500,COUCHE
2023-09-19,72.489998,72.580002,71.330002,71.419998,71.419998,1162000,COUCHE
2023-09-20,71.400002,72.230003,71.379997,71.389999,71.389999,1016200,COUCHE
2023-09-21,71.379997,71.639999,70.07,70.629997,70.629997,1535300,COUCHE
2023-09-22,70.709999,71.160004,70.260002,70.730003,70.730003,832100,COUCHE
2023-09-25,70.610001,70.870003,70.050003,70.379997,70.379997,788800,COUCHE
2023-09-26,70.010002,70.360001,69.410004,69.949997,69.949997,2666300,COUCHE
2023-09-27,70.139999,70.589996,69.639999,70.269997,70.269997,1562900,COUCHE
2023-09-28,70.279999,71.370003,70.129997,71.32,71.32,1152200,COUCHE
2023-09-29,71.32,71.480003,68.93,68.980003,68.980003,2356500,COUCHE
2023-10-02,68.989998,70.470001,68.93,70.139999,70.139999,1283300,COUCHE
2023-10-03,69.849998,71.150002,69.419998,71.050003,71.050003,1171600,COUCHE
2023-10-04,71,71.940002,70.709999,71.660004,71.660004,1013500,COUCHE
2023-10-05,71.050003,73.019997,71.050003,72.019997,72.019997,1428000,COUCHE
2023-10-06,71.82,72.330002,71.68,71.870003,71.870003,787900,COUCHE
2023-10-10,72.279999,73.080002,71.889999,72.639999,72.639999,1234500,COUCHE
2023-10-11,72.980003,74.389999,72.68,74.339996,74.339996,1299100,COUCHE
2023-10-12,74.519997,75.209999,74.099998,74.68,74.68,1077700,COUCHE
2023-10-13,75,75.410004,74.010002,74.400002,74.400002,1119500,COUCHE
2023-10-16,74.639999,74.639999,73.739998,74.010002,74.010002,1066200,COUCHE
2023-10-17,73.800003,74.849998,73.800003,74.5,74.5,792800,COUCHE
2023-10-18,74.080002,74.949997,73.910004,73.93,73.93,892800,COUCHE
2023-10-19,73.800003,74.199997,73.440002,73.800003,73.800003,710500,COUCHE
2023-10-20,73.800003,74.019997,73.290001,73.489998,73.489998,675500,COUCHE
2023-10-23,73.300003,74.029999,73.190002,73.290001,73.290001,584700,COUCHE
2023-10-24,73.459999,73.459999,72.449997,72.93,72.93,772000,COUCHE
2023-10-25,72.790001,74.459999,72.790001,73.809998,73.809998,814400,COUCHE
2023-10-26,73.720001,74.410004,73.620003,73.75,73.75,635500,COUCHE
2023-10-27,73.870003,74.029999,72.589996,72.860001,72.860001,692900,COUCHE
2023-10-30,73.209999,74.940002,73.209999,74.919998,74.919998,969000,COUCHE
2023-10-31,74.919998,76.019997,74.489998,75.489998,75.489998,1416000,COUCHE
2023-11-01,75.889999,76.900002,75.489998,76.389999,76.389999,866300,COUCHE
2023-11-02,76.690002,78.099998,76.669998,78,78,947200,COUCHE
2023-11-03,78,78,76.290001,76.800003,76.800003,1109700,COUCHE
